"Name","Age","Gender","Area","Email","Mobile","Logins 4 weeks","Logins 6 months","Sales 4 weeks","Sales 6 months","Sales total"
"CARVER",54,"female","rural","free","always",0,7,0,0,0
"GONZALES",88,"male","urban","free","never",3,3,0,0,0
"MCNEIL",31,"female","urban","free","always",0,7,0,0,0
"TATE",54,"female","rural","free","never",0,0,0,0,0
"CARR",25,"male","urban","free","never",0,0,0,0,0
"ARNOLD",68,"female","urban","free","never",0,0,0,0,0
"PICKETT",27,"female","urban","free","yes",0,0,0,0,0
"MCCLAIN",34,"male","urban","free","yes",0,0,0,0,0
"CONLEY",29,"female","urban","free","never",5,5,0,0,0
"BUSH",50,"female","rural","free","never",0,0,0,0,0
"MCCRAY",64,"male","rural","free","never",0,0,0,0,0
"OBRIEN",61,"female","urban","free","never",9,12,0,91,91
"OLSEN",19,"male","rural","free","yes",0,0,0,0,0
"HOLDER",58,"female","urban","free","yes",8,8,0,0,0
"LYNCH",55,"male","urban","free","yes",4,4,0,0,0
"SHEPHERD",30,"female","rural","free","never",2,2,0,0,0
"BAIRD",59,"female","urban","free","yes",0,7,0,0,0
"CALDWELL",66,"male","urban","free","yes",0,0,0,0,0
"MCMAHON",37,"female","urban","premium","never",0,2,0,0,0
"BRUCE",57,"male","rural","free","yes",0,7,0,0,0
"SIMON",42,"male","urban","free","never",5,5,0,0,0
"YANG",20,"male","urban","free","never",0,5,0,0,37
"TERRY",21,"female","urban","free","yes",2,2,0,0,0
"MILES",32,"male","rural","free","yes",14,14,0,0,0
"AYERS",73,"male","rural","free","never",0,0,0,0,0
"RIVERS",38,"male","rural","premium","never",0,0,0,0,0
"PEREZ",22,"male","urban","free","never",0,0,0,0,0
"POLLARD",72,"male","urban","free","never",6,6,0,0,0
"GUTIERREZ",51,"female","rural","free","yes",7,7,0,0,0
"MILLER",27,"female","urban","premium","yes",0,0,0,0,0
"ELLIS",52,"female","urban","free","never",0,0,0,0,0
"LEACH",79,"female","urban","premium","yes",0,0,0,0,56
"MORENO",21,"male","urban","free","always",0,0,0,0,0
"ROSALES",21,"male","urban","free","never",8,8,0,0,0
"FRYE",86,"male","urban","free","never",0,0,0,0,0
"CLINE",61,"female","urban","free","never",0,0,0,0,107
"CARVER",34,"male","urban","premium","yes",0,0,0,0,0
"CONWAY",49,"male","urban","free","yes",0,0,0,0,0
"MEDINA",19,"male","urban","free","never",0,0,0,0,0
"TRUJILLO",46,"male","urban","premium","never",0,0,0,0,243
"WALKER",67,"male","urban","free","yes",0,0,0,0,0
"MUELLER",82,"female","urban","free","yes",0,0,0,0,0
"NASH",40,"male","urban","free","never",0,0,0,0,0
"SHERMAN",54,"female","urban","free","never",0,10,0,0,0
"MORTON",35,"female","urban","free","never",0,0,0,0,0
"BIRD",67,"female","rural","free","never",7,7,15,15,15
"GROSS",43,"female","urban","free","never",0,4,0,0,0
"MACIAS",28,"female","urban","free","never",0,0,0,0,161
"HOLT",65,"female","urban","free","never",14,14,0,0,0
"MCFARLAND",83,"male","urban","premium","yes",0,1,0,78,78
"WILLIS",76,"female","urban","premium","yes",4,4,0,0,0
"ROSE",52,"female","rural","free","never",11,11,0,0,0
"SCOTT",36,"female","rural","free","yes",15,15,21,21,21
"LARSEN",43,"female","urban","free","never",0,0,0,0,0
"ADKINS",60,"male","urban","free","never",7,7,0,0,0
"MCCRAY",50,"male","rural","free","yes",0,0,0,0,0
"MCGOWAN",28,"male","urban","premium","never",0,0,0,0,0
"HOLLOWAY",28,"male","urban","free","yes",11,11,0,0,0
"JENKINS",48,"female","urban","free","yes",2,2,0,0,0
"WALL",26,"male","urban","premium","always",6,6,0,0,0
"HAMPTON",30,"female","rural","free","never",0,0,0,0,115
"BAILEY",42,"female","rural","free","yes",0,0,0,0,0
"MOSLEY",31,"male","urban","free","never",0,0,0,0,188
"HEWITT",78,"female","urban","free","yes",0,0,0,0,0
"LANCASTER",49,"female","urban","premium","never",4,4,0,0,18
"BENDER",52,"female","urban","free","yes",0,0,0,0,0
"CABRERA",76,"male","rural","free","never",0,8,0,0,0
"WARE",60,"female","urban","free","yes",0,3,0,0,0
"HALE",60,"female","rural","premium","never",0,0,0,0,0
"SELLERS",17,"male","urban","free","never",0,0,0,0,0
"ORTIZ",74,"female","urban","free","always",10,10,0,0,0
"WALLER",19,"male","rural","free","never",10,10,0,0,0
"DUKE",51,"male","urban","free","yes",0,5,0,0,0
"WALTERS",80,"male","urban","free","never",0,6,0,89,89
"FREEMAN",75,"female","urban","free","yes",0,0,0,0,0
"SIMMONS",29,"female","rural","free","never",0,0,0,0,0
"BURGESS",26,"male","rural","free","never",0,0,0,0,0
"CAMACHO",81,"male","rural","premium","yes",0,0,0,0,0
"ROTH",20,"male","rural","premium","yes",20,20,0,0,0
"LOTT",28,"male","rural","free","never",0,0,0,0,0
"HAMPTON",24,"female","urban","free","never",0,0,0,0,0
"ONEILL",84,"male","urban","free","never",0,0,0,0,0
"SULLIVAN",18,"male","rural","premium","never",14,14,0,0,0
"BURKS",53,"female","urban","premium","yes",0,1,0,0,0
"MCKNIGHT",65,"male","urban","free","never",0,3,0,0,0
"NOLAN",52,"male","urban","free","never",0,0,0,0,46
"JENNINGS",51,"male","urban","premium","never",6,6,75,75,75
"COOPER",86,"male","urban","premium","yes",0,0,0,0,0
"KLEIN",54,"male","urban","premium","never",0,1,0,0,0
"HUMPHREY",31,"female","urban","premium","always",9,9,108,108,108
"MACDONALD",85,"female","urban","free","yes",0,4,0,0,0
"VALENCIA",60,"male","urban","premium","yes",0,7,0,0,217
"ELLISON",79,"female","urban","free","yes",0,6,0,0,0
"SILVA",52,"male","urban","premium","never",0,0,0,0,0
"KRAMER",62,"female","rural","premium","yes",0,5,0,241,278
"MCCARTY",55,"female","urban","free","never",0,0,0,0,0
"BRADY",69,"male","urban","free","never",0,8,0,124,124
"HOOVER",71,"male","rural","free","never",5,5,0,0,0
"MATHEWS",17,"female","rural","premium","never",0,0,0,0,0
"GARDNER",45,"male","urban","premium","yes",3,3,0,0,0
"HULL",41,"female","rural","free","always",0,7,0,60,60
"EWING",69,"male","urban","free","never",0,1,0,0,0
"CASEY",68,"female","urban","premium","never",6,6,0,0,0
"CALDERON",85,"female","urban","free","yes",0,0,0,0,0
"WEAVER",28,"male","rural","premium","yes",0,0,0,0,0
"MORAN",21,"female","urban","premium","never",0,5,0,0,0
"TRAVIS",37,"female","urban","free","yes",0,0,0,0,0
"BECK",31,"female","rural","premium","yes",22,22,0,0,214
"MYERS",31,"female","urban","premium","never",0,0,0,0,0
"HANCOCK",38,"female","urban","free","never",0,0,0,0,0
"DAY",32,"male","urban","free","never",0,6,0,0,302
"SCOTT",42,"female","urban","free","never",0,3,0,113,113
"MARTINEZ",50,"male","urban","premium","never",0,5,0,0,0
"ESTES",59,"male","urban","premium","yes",0,0,0,0,0
"PEREZ",59,"female","urban","free","never",0,0,0,0,0
"CLAY",17,"male","urban","free","never",0,0,0,0,0
"MILES",35,"male","rural","free","never",0,2,0,0,0
"HARRINGTON",20,"female","urban","premium","never",0,8,0,62,62
"REESE",23,"male","urban","free","never",5,5,0,0,0
"BERGER",83,"male","urban","free","never",0,2,0,0,45
"OWEN",43,"female","urban","free","yes",0,0,0,0,0
"FORD",29,"male","urban","free","never",0,3,0,0,0
"PACHECO",57,"male","urban","free","never",0,0,0,0,198
"BURNETT",42,"male","urban","premium","yes",0,0,0,0,0
"MCKAY",56,"male","urban","free","yes",0,2,0,0,0
"BLAIR",28,"female","urban","free","never",0,0,0,0,0
"SCHNEIDER",43,"male","urban","premium","yes",0,0,0,0,0
"HUMPHREY",48,"male","urban","free","never",5,5,0,0,0
"FULTON",36,"female","urban","free","never",0,4,0,0,0
"AVERY",58,"male","urban","premium","never",0,0,0,0,0
"ROBLES",55,"female","urban","free","never",9,9,0,0,0
"FLOYD",37,"female","rural","free","yes",0,3,0,207,207
"KNAPP",32,"male","urban","free","always",2,2,134,134,134
"BRIGHT",38,"male","rural","free","yes",0,0,0,0,0
"MCLEOD",36,"male","urban","free","yes",0,0,0,0,0
"ASHLEY",31,"female","urban","free","never",7,7,0,0,0
"CASH",67,"male","urban","free","never",0,0,0,0,0
"HOPKINS",44,"male","rural","premium","always",0,0,0,0,0
"COTTON",85,"male","rural","free","yes",0,0,0,0,124
"ORTEGA",50,"male","rural","free","never",8,8,0,0,0
"GONZALEZ",41,"female","urban","free","never",0,0,0,0,22
"ROACH",29,"female","urban","free","never",0,0,0,0,0
"UNDERWOOD",26,"female","urban","free","always",4,4,0,0,0
"RICHMOND",26,"female","rural","free","never",0,4,0,139,139
"YORK",52,"male","urban","free","never",2,2,0,0,0
"BIRD",56,"male","urban","free","never",0,2,0,0,0
"HARDIN",48,"female","rural","free","never",0,0,0,0,0
"MCMILLAN",42,"female","urban","premium","never",7,9,0,0,0
"ODONNELL",37,"male","urban","free","never",0,7,0,0,0
"MOORE",38,"female","urban","free","never",0,0,0,0,0
"HERMAN",47,"female","urban","premium","never",0,1,0,0,0
"VANG",34,"female","urban","premium","never",11,11,72,72,72
"KRAMER",18,"male","urban","free","never",2,2,0,0,0
"CANTRELL",26,"female","rural","free","never",0,0,0,0,0
"LOWERY",33,"female","urban","free","yes",0,2,0,0,0
"VARGAS",55,"male","urban","premium","yes",0,0,0,0,0
"ALVARADO",74,"female","rural","free","yes",0,0,0,0,27
"PARSONS",56,"male","urban","premium","never",2,2,0,0,204
"HUNT",52,"female","urban","free","never",18,18,180,180,233
"BLAKE",50,"female","urban","free","never",0,0,0,0,0
"CHASE",27,"male","urban","free","never",0,2,0,128,243
"MCBRIDE",50,"male","urban","free","never",0,6,0,0,0
"OLIVER",53,"male","rural","free","never",0,0,0,0,0
"LARA",47,"male","urban","free","never",0,0,0,0,0
"PRUITT",53,"male","urban","free","yes",0,0,0,0,0
"JOYCE",31,"female","urban","free","yes",0,8,0,55,55
"FREEMAN",42,"female","urban","premium","never",0,0,0,0,0
"STEIN",49,"male","urban","free","never",0,0,0,0,0
"VELAZQUEZ",25,"female","urban","free","never",0,6,0,0,0
"STEIN",47,"male","urban","free","yes",0,6,0,0,0
"RATLIFF",30,"male","urban","free","yes",0,0,0,0,0
"HOWE",22,"male","urban","free","yes",0,6,0,0,0
"CASTANEDA",81,"male","rural","premium","never",7,42,0,0,111
"HORTON",42,"female","urban","free","yes",0,1,0,0,0
"CONNER",40,"male","rural","free","never",0,11,0,0,0
"KEMP",84,"male","urban","free","always",0,0,0,0,229
"BENJAMIN",79,"male","rural","free","always",13,13,0,0,182
"GRANT",67,"female","rural","free","yes",0,1,0,0,0
"ROBINSON",56,"female","urban","free","yes",9,9,0,0,0
"ROBBINS",51,"female","urban","free","yes",0,0,0,0,0
"LINDSEY",28,"male","rural","premium","yes",0,0,0,0,0
"EVERETT",68,"male","urban","free","never",0,0,0,0,0
"SALAZAR",27,"male","rural","free","yes",0,0,0,0,0
"DAVIS",39,"male","rural","free","never",0,2,0,0,0
"WORKMAN",20,"female","urban","free","always",0,5,0,0,0
"WORKMAN",34,"female","urban","free","never",0,1,0,319,319
"ROBERTSON",58,"female","urban","free","never",0,4,0,0,0
"LINDSAY",31,"female","rural","free","never",0,0,0,0,0
"DEJESUS",68,"male","urban","free","never",0,0,0,0,0
"QUINN",46,"male","urban","free","yes",8,8,0,0,0
"BEARD",60,"female","urban","premium","never",8,8,265,265,327
"ERICKSON",47,"male","urban","free","never",10,10,0,0,0
"DALE",39,"female","rural","free","never",0,0,0,0,0
"CRANE",40,"male","urban","premium","yes",0,0,0,0,0
"MILLS",51,"male","rural","free","yes",0,0,0,0,0
"HOFFMAN",47,"female","rural","free","never",2,2,169,169,169
"GRAHAM",65,"female","urban","premium","yes",0,7,0,0,0
"PAUL",34,"male","urban","free","never",0,0,0,0,0
"HARDIN",49,"male","rural","premium","never",0,0,0,0,90
"MCINTOSH",50,"male","urban","free","never",0,1,0,0,0
"MOODY",27,"female","urban","free","never",0,6,0,34,34
"DICKSON",54,"male","rural","free","yes",0,0,0,0,0
"STARK",37,"male","urban","free","never",0,11,0,0,0
"HOWARD",49,"female","urban","premium","never",0,3,0,177,177
"PETERS",67,"male","urban","free","never",0,0,0,0,0
"HERRING",47,"male","urban","free","never",0,1,0,0,0
"TANNER",40,"male","urban","free","never",0,5,0,0,0
"RHODES",54,"male","urban","premium","never",6,8,0,0,0
"KENNEDY",42,"male","urban","premium","yes",0,3,0,152,152
"BERGER",64,"male","urban","free","always",0,0,0,0,0
"BARTON",21,"male","urban","premium","yes",0,0,0,0,0
"SOLIS",83,"male","urban","free","never",0,0,0,0,0
"ENGLAND",79,"female","urban","free","never",0,2,0,0,0
"TURNER",44,"female","urban","free","never",0,0,0,0,0
"LITTLE",68,"male","urban","premium","never",2,2,0,0,0
"VALENCIA",82,"male","urban","free","yes",14,14,0,0,0
"CONLEY",29,"male","urban","premium","never",0,4,0,0,0
"BUCKNER",21,"male","rural","free","yes",0,2,0,0,0
"COCHRAN",42,"female","rural","premium","never",3,3,83,83,83
"YOUNG",60,"female","urban","free","never",0,5,0,0,0
"HUMPHREY",29,"female","urban","free","yes",0,4,0,52,52
"LE",49,"female","urban","free","never",8,8,0,0,0
"REYES",50,"female","rural","free","never",0,0,0,0,0
"GILLIAM",36,"female","urban","premium","never",0,0,0,0,0
"REED",41,"male","urban","free","never",0,0,0,0,0
"SWANSON",37,"male","urban","free","never",2,5,0,0,0
"ROBBINS",50,"male","urban","free","yes",2,10,0,0,46
"HOPPER",46,"female","urban","free","yes",0,8,0,0,0
"ASHLEY",67,"male","urban","free","never",0,0,0,0,0
"JENNINGS",28,"male","urban","free","never",0,0,0,0,0
"MATTHEWS",20,"male","urban","premium","yes",0,0,0,0,0
"ARNOLD",45,"male","urban","premium","yes",1,1,0,0,0
"HERMAN",36,"female","urban","premium","always",0,0,0,0,0
"BEASLEY",67,"male","urban","free","yes",0,0,0,0,0
"BRIGGS",35,"male","urban","premium","yes",0,0,0,0,0
"BROCK",27,"male","rural","free","never",0,1,0,0,19
"HOLMAN",64,"male","rural","free","never",0,0,0,0,0
"MURPHY",34,"female","urban","free","never",1,1,47,47,47
"TODD",49,"male","urban","free","never",12,12,0,0,0
"OSBORN",24,"female","rural","premium","never",2,2,0,0,0
"ONEAL",59,"male","urban","free","never",0,0,0,0,0
"WALKER",43,"male","urban","premium","yes",0,0,0,0,0
"WONG",72,"female","rural","premium","never",4,8,0,0,158
"NELSON",36,"female","rural","premium","never",10,10,0,0,0
"BERGER",45,"male","rural","premium","yes",6,6,0,0,0
"FOWLER",55,"female","urban","free","never",0,0,0,0,0
"JOHNSTON",47,"male","urban","free","never",0,4,0,0,134
"HUMPHREY",56,"female","urban","free","never",0,0,0,0,12
"DECKER",71,"male","urban","free","yes",5,5,0,0,0
"LONG",21,"male","urban","premium","never",8,8,0,0,47
"TILLMAN",78,"male","rural","free","yes",0,0,0,0,0
"WALTER",50,"male","urban","free","never",0,3,0,49,49
"RICE",58,"male","urban","premium","never",0,0,0,0,0
"HAYNES",29,"female","urban","premium","yes",0,4,0,0,0
"ATKINS",41,"male","urban","free","never",0,0,0,0,0
"LIVINGSTON",35,"female","urban","free","never",0,0,0,0,0
"VEGA",22,"female","urban","premium","never",0,4,0,0,0
"EVANS",51,"female","urban","free","never",0,0,0,0,0
"BOONE",42,"female","urban","free","never",0,1,0,259,259
"UNDERWOOD",58,"male","rural","free","never",0,0,0,0,0
"ROGERS",19,"male","urban","premium","never",3,3,0,0,0
"HUBER",51,"male","urban","free","never",0,0,0,0,139
"POLLARD",28,"male","urban","premium","yes",0,0,0,0,0
"COBB",18,"female","urban","premium","never",0,1,0,0,0
"OLSON",50,"female","rural","free","yes",0,2,0,0,0
"ESTRADA",22,"female","urban","free","never",0,6,0,0,227
"CAIN",75,"female","rural","free","always",0,0,0,0,65
"ALVARADO",28,"male","rural","premium","yes",0,2,0,0,86
"SEXTON",34,"female","urban","premium","never",0,0,0,0,0
"CERVANTES",20,"male","urban","free","never",0,9,0,0,0
"KIRK",53,"female","urban","premium","yes",0,0,0,0,139
"CARR",41,"female","urban","free","never",0,0,0,0,0
"BRIGGS",49,"male","urban","free","never",0,0,0,0,55
"RICHARDSON",42,"female","rural","free","always",0,6,0,172,172
"MAY",77,"female","urban","premium","yes",6,6,0,0,0
"PHELPS",46,"female","urban","premium","never",17,20,0,0,0
"ERICKSON",70,"male","urban","free","never",14,28,0,0,0
"LAMB",52,"male","urban","premium","yes",0,9,0,0,0
"NORRIS",86,"female","rural","free","never",0,0,0,0,17
"VALDEZ",71,"male","urban","free","never",0,5,0,76,76
"RAMIREZ",18,"male","urban","free","never",0,1,0,0,0
"DALE",62,"female","rural","free","yes",0,0,0,0,0
"HICKMAN",22,"female","urban","free","always",8,8,0,0,0
"STRICKLAND",48,"male","urban","free","yes",0,6,0,0,0
"PARKER",45,"male","urban","free","never",4,4,0,0,0
"PARKER",36,"male","urban","premium","yes",0,0,0,0,0
"MCKNIGHT",26,"male","urban","premium","never",0,4,0,0,0
"HARRINGTON",44,"male","rural","free","never",11,19,0,135,135
"MOLINA",45,"male","urban","premium","yes",4,4,0,0,0
"CONLEY",71,"male","urban","free","never",0,5,0,0,0
"MERRITT",43,"female","urban","premium","never",0,0,0,0,0
"WYATT",64,"male","urban","free","never",0,2,0,12,12
"WHITAKER",52,"female","urban","free","never",0,0,0,0,0
"NICHOLSON",80,"female","urban","free","yes",14,14,0,0,55
"MOODY",25,"male","urban","free","never",0,0,0,0,0
"CHANDLER",55,"male","urban","free","yes",0,0,0,0,0
"NIXON",30,"female","rural","free","yes",0,0,0,0,0
"GAINES",57,"female","rural","free","yes",0,5,0,119,119
"GRANT",72,"female","urban","free","never",0,5,0,65,65
"BURNS",19,"male","urban","free","never",0,0,0,0,0
"EMERSON",61,"male","urban","free","never",0,5,0,0,104
"BROCK",20,"female","urban","free","yes",0,2,0,11,11
"STUART",69,"male","rural","premium","never",5,5,0,0,0
"MCCULLOUGH",23,"male","urban","premium","yes",0,0,0,0,0
"BALLARD",20,"female","rural","free","never",0,6,0,214,214
"COOPER",46,"male","urban","free","never",0,0,0,0,0
"CANNON",51,"male","urban","free","always",0,7,0,15,15
"DALTON",25,"male","rural","free","yes",0,0,0,0,0
"NICHOLS",47,"male","urban","premium","always",0,0,0,0,258
"MCGUIRE",55,"female","rural","premium","yes",5,5,0,0,0
"MATHEWS",59,"female","rural","free","never",0,0,0,0,0
"VINSON",31,"female","urban","free","never",0,0,0,0,0
"KNOWLES",48,"male","urban","free","yes",0,8,0,81,81
"CAMACHO",44,"female","rural","free","yes",3,3,0,0,0
"LEONARD",66,"female","rural","free","never",0,0,0,0,0
"COLEMAN",20,"male","urban","premium","never",0,0,0,0,0
"SANTOS",66,"male","urban","free","yes",0,0,0,0,0
"CONNER",76,"male","urban","free","never",10,10,0,0,0
"FITZGERALD",70,"male","urban","free","never",0,0,0,0,0
"RYAN",56,"male","urban","free","never",0,0,0,0,0
"MACK",73,"male","rural","free","never",4,4,7,7,7
"SHEPARD",28,"female","rural","premium","yes",0,0,0,0,0
"SOLIS",32,"female","urban","free","yes",0,0,0,0,0
"PATTON",42,"male","urban","premium","yes",1,4,0,0,0
"JENSEN",33,"male","urban","free","never",0,0,0,0,0
"ORTIZ",43,"male","urban","free","never",10,10,0,0,0
"WILCOX",30,"male","urban","free","never",0,10,0,196,196
"BARNES",38,"male","rural","free","yes",0,0,0,0,0
"VAUGHN",74,"female","urban","premium","never",0,4,0,0,0
"IRWIN",76,"female","urban","free","never",0,0,0,0,0
"STUART",18,"male","urban","free","yes",0,0,0,0,0
"CLAY",73,"female","urban","premium","never",0,7,0,0,0
"HOGAN",52,"male","urban","free","yes",0,0,0,0,0
"CRAIG",55,"female","urban","free","never",0,0,0,0,0
"KEY",26,"female","urban","premium","yes",0,0,0,0,0
"CASTILLO",75,"male","urban","premium","always",0,0,0,0,0
"JOYCE",44,"male","urban","free","never",12,12,0,0,235
"GREENE",71,"female","rural","free","never",0,0,0,0,0
"MADDOX",48,"female","urban","free","never",0,0,0,0,0
"TRAN",51,"female","urban","free","never",0,0,0,0,0
"BOND",83,"male","urban","free","never",7,7,0,0,0
"HANSON",79,"male","rural","free","never",0,10,0,0,203
"BISHOP",31,"male","urban","free","yes",9,19,0,0,81
"ONEAL",74,"male","rural","free","never",0,9,0,0,0
"LOGAN",29,"male","urban","free","never",0,3,0,117,117
"WIGGINS",19,"male","rural","free","never",0,0,0,0,0
"BURKS",75,"female","urban","premium","never",0,2,0,0,0
"LYONS",59,"female","rural","premium","never",0,0,0,0,0
"GAY",61,"female","rural","free","yes",0,3,0,0,0
"BIRD",64,"male","urban","free","yes",0,0,0,0,0
"WILDER",50,"male","urban","free","never",0,0,0,0,0
"STEELE",53,"female","rural","free","never",0,0,0,0,0
"HINTON",71,"male","urban","free","yes",0,0,0,0,0
"NIXON",51,"female","urban","free","yes",0,4,0,0,0
"PHELPS",52,"female","urban","premium","yes",0,0,0,0,0
"SALINAS",31,"female","urban","free","never",0,4,0,0,0
"HALEY",26,"female","urban","free","yes",0,13,0,58,58
"LIVINGSTON",90,"male","urban","free","yes",5,5,0,0,0
"MORIN",25,"male","urban","free","never",0,3,0,0,0
"SMALL",57,"female","urban","free","yes",7,7,0,0,0
"HANEY",69,"male","urban","free","never",0,0,0,0,40
"MATHIS",24,"male","urban","premium","never",0,0,0,0,0
"HENSON",35,"male","urban","premium","never",0,0,0,0,99
"KEY",23,"male","urban","premium","never",0,5,0,18,18
"RAY",51,"male","urban","free","always",2,2,0,0,0
"PETERSON",56,"female","rural","free","never",0,3,0,0,0
"BARBER",57,"male","rural","premium","yes",0,0,0,0,0
"MACIAS",38,"female","urban","premium","never",0,4,0,0,0
"HULL",28,"female","urban","free","never",0,9,0,0,0
"NAVARRO",53,"male","urban","free","yes",0,0,0,0,0
"STRICKLAND",81,"male","urban","free","never",5,5,0,0,0
"WOODWARD",29,"male","urban","free","yes",11,11,0,0,0
"BRADY",61,"male","urban","premium","yes",0,0,0,0,0
"GREGORY",91,"female","rural","free","never",0,0,0,0,0
"ROBLES",37,"female","urban","premium","never",0,2,0,0,0
"MAYNARD",37,"male","urban","free","yes",0,0,0,0,0
"NICHOLS",55,"male","urban","free","never",0,3,0,126,126
"MORTON",39,"male","rural","free","never",0,0,0,0,0
"ALVARADO",66,"female","urban","free","never",0,2,0,0,0
"MACDONALD",42,"female","urban","free","never",0,2,0,40,40
"DAWSON",36,"male","urban","free","never",0,3,0,0,0
"STEPHENS",17,"male","urban","premium","yes",0,4,0,0,0
"MILLS",42,"male","rural","free","yes",0,2,0,0,35
"MEYERS",44,"male","rural","free","never",0,3,0,0,0
"ARNOLD",69,"male","urban","free","yes",8,8,1,1,1
"WILDER",33,"female","urban","free","never",3,3,0,0,0
"GALLOWAY",56,"male","urban","free","yes",0,3,0,0,0
"DAVIDSON",46,"male","urban","free","never",16,16,0,0,0
"WILSON",51,"male","urban","premium","never",0,0,0,0,0
"GATES",20,"male","urban","free","yes",0,0,0,0,0
"AUSTIN",75,"male","urban","premium","yes",0,0,0,0,138
"CARTER",39,"male","urban","premium","never",4,4,0,0,129
"MONTOYA",56,"male","rural","free","yes",0,3,0,0,0
"SWEENEY",54,"male","urban","premium","yes",0,0,0,0,0
"SNYDER",17,"female","urban","free","yes",5,13,3,3,3
"WATSON",56,"male","urban","free","yes",0,0,0,0,0
"MICHAEL",52,"male","urban","free","never",0,0,0,0,0
"MOLINA",52,"female","urban","free","never",0,0,0,0,0
"MEYER",47,"male","urban","free","yes",10,10,0,0,78
"RODGERS",19,"male","rural","free","never",0,2,0,271,271
"RIVAS",46,"female","urban","free","yes",0,1,0,0,0
"RICE",44,"female","urban","premium","yes",0,1,0,165,295
"FRANKS",45,"female","rural","free","yes",0,4,0,160,160
"GUY",38,"male","urban","premium","never",0,0,0,0,0
"MCCONNELL",40,"male","urban","free","never",0,1,0,0,0
"LAWRENCE",19,"female","urban","free","never",0,0,0,0,0
"DIXON",66,"male","urban","free","yes",0,1,0,229,229
"SALAZAR",65,"male","urban","free","never",0,0,0,0,0
"HENDERSON",59,"female","urban","free","never",0,0,0,0,0
"CASTANEDA",47,"male","rural","premium","never",0,0,0,0,0
"REED",52,"male","urban","free","never",0,1,0,0,0
"WYATT",23,"female","urban","free","yes",8,8,0,0,0
"ROBINSON",56,"female","urban","free","yes",0,0,0,0,0
"ACOSTA",59,"female","rural","free","yes",0,0,0,0,0
"VELAZQUEZ",49,"male","urban","premium","never",0,0,0,0,0
"FRAZIER",41,"male","rural","premium","yes",11,11,0,0,0
"SUTTON",32,"male","urban","free","yes",0,3,0,83,83
"MENDEZ",62,"male","rural","premium","never",0,0,0,0,0
"STRONG",17,"female","urban","free","never",0,5,0,170,170
"HODGE",30,"female","urban","free","never",0,0,0,0,0
"WILKERSON",25,"female","urban","free","never",0,0,0,0,0
"STRICKLAND",52,"female","urban","free","never",0,5,0,0,0
"QUINN",61,"female","rural","free","never",0,0,0,0,0
"WHITAKER",43,"male","rural","free","never",0,0,0,0,0
"HOOVER",31,"male","urban","free","yes",0,0,0,0,0
"QUINN",40,"female","urban","free","never",5,5,0,0,99
"MAY",17,"female","urban","free","never",5,30,56,75,337
"OCONNOR",19,"female","urban","free","never",0,0,0,0,0
"VINSON",35,"male","urban","premium","yes",6,6,0,0,0
"HYDE",52,"male","urban","free","never",0,3,0,0,0
"BRIGHT",44,"female","urban","premium","never",0,0,0,0,0
"SOSA",26,"female","urban","free","never",15,15,180,180,180
"POOLE",32,"female","urban","free","yes",0,0,0,0,0
"CHEN",52,"female","rural","free","yes",0,0,0,0,0
"DANIELS",26,"female","urban","free","never",0,1,0,0,0
"LEVY",65,"female","urban","free","yes",0,0,0,0,0
"HUGHES",71,"female","rural","free","never",0,7,0,256,341
"WAGNER",79,"male","urban","free","never",0,4,0,0,0
"CALLAHAN",59,"female","urban","free","yes",6,6,0,0,0
"LUNA",50,"male","urban","free","never",13,33,0,150,150
"GREENE",39,"female","urban","free","yes",0,0,0,0,0
"LEONARD",23,"male","urban","free","never",0,0,0,0,71
"TRAVIS",49,"male","urban","free","never",0,0,0,0,0
"CLAYTON",21,"female","urban","premium","never",14,17,176,176,176
"SLOAN",59,"female","rural","premium","never",0,0,0,0,0
"LOWE",20,"female","urban","free","never",0,7,0,0,0
"HUBER",17,"female","urban","free","yes",0,5,0,0,253
"RIVERS",50,"female","urban","free","never",0,5,0,0,0
"MACK",36,"female","urban","free","never",0,0,0,0,186
"SPENCE",76,"male","urban","free","never",0,4,0,0,0
"CASTANEDA",28,"male","rural","free","yes",0,0,0,0,0
"ASHLEY",21,"male","rural","premium","never",19,19,0,0,0
"STARK",18,"male","urban","free","never",0,0,0,0,217
"HAHN",23,"female","urban","free","never",0,0,0,0,0
"HODGE",43,"male","urban","premium","never",0,0,0,0,0
"CONNER",59,"female","urban","free","never",0,7,0,17,146
"PRICE",35,"male","rural","premium","yes",10,10,0,0,147
"PALMER",18,"female","urban","free","never",13,13,0,0,0
"AGUIRRE",53,"male","urban","free","never",0,3,0,0,0
"PATEL",34,"male","urban","free","never",0,0,0,0,0
"WALSH",19,"male","rural","free","yes",0,7,0,0,0
"BRIGHT",49,"female","urban","premium","never",5,5,115,115,303
"FUENTES",22,"male","rural","free","yes",0,2,0,0,0
"OLSEN",80,"male","urban","free","yes",0,0,0,0,0
"NICHOLSON",39,"male","urban","free","never",0,5,0,166,166
"VAUGHN",39,"male","urban","free","never",0,0,0,0,19
"KIRKLAND",35,"female","rural","free","never",0,0,0,0,43
"BENTON",50,"female","urban","free","never",0,0,0,0,125
"POOLE",17,"male","urban","free","always",0,2,0,0,0
"AYERS",22,"male","urban","free","never",0,3,0,0,92
"MCINTYRE",43,"male","urban","free","yes",0,2,0,0,0
"HOLCOMB",86,"female","urban","free","yes",0,0,0,0,0
"WOODARD",31,"female","urban","free","never",0,0,0,0,0
"HANEY",35,"female","urban","premium","always",0,0,0,0,0
"ROLLINS",34,"male","urban","free","never",0,0,0,0,0
"MILES",23,"male","rural","premium","never",0,6,0,0,0
"SALAS",55,"male","urban","free","never",0,0,0,0,0
"WELLS",29,"male","urban","free","yes",2,2,0,0,0
"COX",72,"female","urban","free","yes",7,7,0,0,72
"BALLARD",63,"male","urban","free","yes",14,14,247,247,247
"ALEXANDER",58,"male","urban","premium","never",0,0,0,0,131
"JOHNSTON",44,"male","urban","free","never",14,14,0,0,0
"BARNES",46,"male","urban","free","never",0,4,0,0,0
"PRICE",67,"female","rural","premium","yes",0,2,0,0,0
"HODGE",73,"female","urban","free","never",0,0,0,0,0
"JUSTICE",69,"female","urban","free","yes",0,1,0,0,0
"TAYLOR",31,"female","urban","free","never",0,4,0,16,16
"SMALL",41,"male","urban","free","never",0,0,0,0,0
"FOLEY",36,"female","urban","free","never",0,1,0,0,0
"LANG",55,"male","urban","free","never",9,9,0,0,0
"CLINE",29,"male","urban","free","never",0,0,0,0,0
"KOCH",34,"female","rural","free","yes",0,0,0,0,0
"WILKINSON",74,"female","urban","free","yes",0,0,0,0,0
"CLEMONS",41,"male","urban","free","never",0,0,0,0,108
"CASTRO",64,"male","rural","free","never",0,0,0,0,0
"PETERSEN",68,"male","urban","free","never",0,0,0,0,0
"GUERRA",84,"female","urban","free","yes",0,0,0,0,0
"MOSS",26,"female","urban","free","yes",0,2,0,0,0
"SLATER",50,"male","urban","free","never",0,0,0,0,0
"CALDWELL",32,"male","urban","free","never",0,0,0,0,0
"MARKS",75,"male","urban","free","yes",5,5,0,0,0
"MCPHERSON",65,"female","urban","free","never",0,0,0,0,0
"WEEKS",71,"female","urban","free","never",3,3,132,132,233
"VAUGHN",18,"male","urban","free","never",0,0,0,0,0
"RILEY",79,"female","urban","free","yes",0,0,0,0,11
"DONALDSON",67,"female","urban","free","yes",0,5,0,236,236
"GREEN",89,"male","rural","free","never",0,0,0,0,0
"SHARP",22,"male","urban","free","yes",0,7,0,0,0
"BELL",36,"female","urban","free","yes",0,0,0,0,0
"DELACRUZ",51,"male","urban","free","never",0,0,0,0,90
"WRIGHT",24,"male","urban","free","never",0,0,0,0,72
"CURRY",43,"male","urban","free","yes",0,11,0,0,0
"WHITFIELD",44,"female","urban","free","never",0,7,0,197,197
"REEVES",22,"female","urban","free","yes",0,0,0,0,0
"VAUGHAN",30,"male","urban","premium","never",0,0,0,0,0
"JEFFERSON",35,"male","urban","free","never",1,1,0,0,0
"AYALA",76,"female","urban","free","never",0,3,0,0,0
"LEBLANC",21,"male","urban","free","never",0,5,0,0,0
"MEYERS",64,"male","urban","free","never",15,15,0,0,0
"HUNTER",37,"female","urban","free","never",7,7,0,0,0
"BLACKWELL",32,"male","urban","free","yes",0,0,0,0,0
"BAUER",24,"female","urban","premium","yes",0,3,0,0,3
"CLEVELAND",72,"male","urban","free","never",7,7,0,0,0
"CASTANEDA",54,"male","rural","free","never",0,0,0,0,0
"TRUJILLO",20,"male","rural","free","never",0,6,0,230,230
"RIOS",91,"male","urban","free","yes",0,0,0,0,0
"STOUT",51,"male","urban","premium","never",0,1,0,0,0
"CLAY",26,"male","urban","free","never",0,4,0,1,127
"ROGERS",81,"male","urban","premium","never",0,0,0,0,0
"WATTS",27,"female","urban","free","never",0,0,0,0,0
"DAWSON",43,"male","urban","free","yes",7,33,0,0,0
"LAWSON",31,"male","rural","free","never",0,0,0,0,0
"ROSA",55,"female","urban","free","never",0,1,0,0,0
"MASON",65,"male","urban","free","yes",0,0,0,0,0
"HUNTER",56,"female","urban","free","never",0,0,0,0,0
"HENDRIX",27,"male","urban","free","never",0,0,0,0,0
"SANTOS",38,"female","urban","free","yes",0,2,0,0,0
"PENNINGTON",53,"female","rural","premium","never",0,0,0,0,0
"MCKINNEY",36,"male","urban","free","never",0,0,0,0,0
"LINDSEY",78,"female","urban","free","never",0,0,0,0,0
"NIELSEN",31,"male","urban","free","yes",0,0,0,0,0
"HOGAN",44,"male","rural","free","never",16,16,0,0,0
"WAGNER",21,"male","rural","premium","never",0,12,0,0,0
"HUTCHINSON",17,"male","urban","free","never",0,9,0,0,0
"MASSEY",82,"male","urban","premium","never",0,6,0,0,0
"PHELPS",67,"female","urban","free","never",8,8,0,0,0
"HENSLEY",24,"male","rural","free","yes",14,17,160,160,160
"GUTHRIE",78,"male","urban","premium","yes",0,0,0,0,0
"PARKER",58,"female","urban","premium","yes",0,0,0,0,0
"BONNER",19,"male","urban","free","yes",0,3,0,0,0
"WOODARD",44,"female","rural","free","never",0,9,0,110,110
"ALFORD",34,"female","rural","premium","never",0,7,0,0,7
"BRYAN",32,"male","rural","free","never",0,0,0,0,0
"MACK",72,"male","urban","premium","never",0,4,0,0,0
"VINCENT",30,"female","urban","free","yes",0,8,0,0,0
"LOTT",71,"female","rural","free","never",0,0,0,0,0
"GUY",75,"male","urban","premium","never",0,0,0,0,0
"LAWRENCE",55,"male","urban","free","yes",1,1,0,0,168
"CHANDLER",29,"male","urban","free","yes",0,0,0,0,0
"CALDWELL",31,"female","urban","free","never",5,5,0,0,0
"GARNER",70,"female","urban","free","never",8,8,0,0,0
"DOTSON",22,"male","urban","free","yes",19,19,0,0,0
"WRIGHT",44,"male","urban","free","always",0,0,0,0,215
"BURTON",47,"female","urban","free","never",11,11,0,0,0
"RASMUSSEN",46,"female","urban","free","yes",2,2,0,0,0
"DONALDSON",28,"male","urban","free","never",0,0,0,0,0
"MILLS",35,"female","urban","free","yes",4,4,0,0,0
"BENJAMIN",79,"female","urban","premium","yes",0,0,0,0,0
"BATTLE",42,"male","urban","free","never",13,13,0,0,22
"MARSHALL",49,"female","urban","free","yes",0,5,0,0,0
"FIELDS",81,"female","urban","free","never",0,0,0,0,0
"FINLEY",25,"female","urban","premium","yes",6,6,0,0,0
"ANTHONY",64,"female","rural","free","never",0,0,0,0,0
"WATKINS",42,"male","urban","free","always",0,1,0,51,63
"VEGA",60,"male","urban","free","never",0,0,0,0,0
"NOBLE",88,"female","urban","premium","never",0,0,0,0,50
"LEE",52,"female","rural","free","yes",0,13,0,21,21
"ROWLAND",66,"male","urban","free","never",0,7,0,140,140
"FIELDS",57,"female","urban","free","yes",0,0,0,0,0
"LONG",37,"male","urban","free","yes",0,9,0,0,0
"LIVINGSTON",88,"male","rural","free","yes",0,3,0,0,0
"ALLISON",46,"male","urban","free","yes",13,31,0,0,0
"SARGENT",33,"male","urban","free","always",0,0,0,0,20
"BURTON",48,"male","urban","free","never",0,0,0,0,0
"MORSE",24,"male","urban","free","never",0,0,0,0,0
"HUMPHREY",21,"female","urban","free","yes",7,7,101,101,101
"SCOTT",44,"male","urban","free","never",0,0,0,0,0
"MIDDLETON",41,"male","urban","free","never",0,8,0,37,37
"DELEON",22,"male","urban","premium","never",0,0,0,0,0
"RICHARDSON",61,"male","urban","free","yes",1,14,0,0,0
"VELAZQUEZ",63,"male","urban","free","never",0,0,0,0,0
"HUBER",33,"female","urban","free","never",3,3,109,109,109
"SELLERS",59,"male","urban","free","never",13,13,0,0,0
"GILLESPIE",18,"male","urban","free","never",10,10,0,0,0
"BECKER",58,"male","urban","free","never",0,0,0,0,0
"GOODWIN",28,"male","urban","free","yes",0,5,0,0,0
"MCDOWELL",37,"female","rural","premium","yes",11,11,161,161,161
"FREDERICK",57,"female","urban","free","never",0,4,0,0,0
"MIRANDA",36,"female","rural","free","never",0,5,0,0,0
"RUSH",90,"female","rural","free","yes",0,2,0,83,83
"SYKES",23,"male","urban","free","yes",0,0,0,0,0
"COHEN",36,"female","urban","free","never",0,0,0,0,189
"RAYMOND",31,"male","urban","free","yes",0,0,0,0,136
"JENSEN",33,"female","rural","free","yes",0,0,0,0,0
"BOONE",47,"female","urban","free","never",0,0,0,0,0
"CRUZ",57,"male","rural","premium","never",0,1,0,0,0
"HOLMAN",35,"male","urban","premium","yes",0,0,0,0,69
"WONG",30,"male","urban","free","never",0,0,0,0,0
"SNIDER",26,"female","urban","free","yes",0,0,0,0,0
"CARRILLO",42,"male","rural","premium","yes",0,4,0,0,0
"ALVARADO",34,"female","urban","free","always",0,5,0,0,0
"HURST",38,"male","urban","free","yes",0,0,0,0,56
"DANIELS",20,"female","urban","premium","never",1,20,0,0,0
"FINLEY",52,"female","urban","premium","yes",0,4,0,259,259
"CLARK",33,"female","urban","free","never",0,0,0,0,0
"MCCULLOUGH",47,"male","rural","premium","never",0,2,0,0,0
"LOTT",41,"female","urban","free","yes",0,0,0,0,0
"LEONARD",47,"male","urban","free","never",0,4,0,115,115
"MCKEE",23,"female","urban","premium","never",0,0,0,0,0
"BUCKLEY",24,"male","urban","free","never",0,0,0,0,0
"SNIDER",55,"female","urban","premium","yes",0,6,0,0,0
"BARRETT",19,"female","rural","free","never",2,2,0,0,114
"MACK",71,"female","urban","free","never",0,4,0,0,0
"MERCADO",78,"female","urban","free","never",0,0,0,0,90
"HUNT",49,"male","urban","free","yes",0,0,0,0,0
"VASQUEZ",23,"female","urban","premium","always",0,0,0,0,0
"NEWMAN",24,"male","urban","free","yes",0,3,0,51,51
"WATKINS",36,"female","urban","free","yes",0,0,0,0,0
"SANTANA",85,"male","urban","free","always",0,0,0,0,0
"FIGUEROA",36,"female","urban","free","always",15,15,0,0,0
"WALLACE",53,"female","urban","free","never",0,3,0,0,0
"CERVANTES",34,"female","urban","free","always",0,0,0,0,0
"MCGUIRE",84,"male","urban","free","yes",0,3,0,96,96
"PITTMAN",25,"male","urban","free","never",0,0,0,0,0
"PATRICK",20,"male","urban","premium","never",0,0,0,0,0
"MCCLAIN",47,"male","urban","free","never",8,8,0,0,0
"SULLIVAN",33,"female","urban","free","never",0,5,0,0,0
"FOWLER",23,"male","urban","premium","never",0,2,0,0,41
"BOYER",61,"male","urban","free","never",0,0,0,0,0
"BECKER",71,"female","rural","free","yes",0,3,0,51,51
"TAYLOR",40,"male","urban","free","yes",0,0,0,0,0
"LANDRY",58,"male","urban","free","never",0,3,0,155,405
"BONNER",53,"female","urban","free","yes",6,6,0,0,170
"MULLEN",25,"male","urban","free","never",0,0,0,0,0
"GEORGE",30,"female","urban","free","always",0,4,0,0,16
"SHARPE",28,"male","rural","free","never",0,6,0,112,112
"MENDOZA",46,"female","urban","premium","yes",0,0,0,0,0
"WALLER",56,"male","urban","premium","never",0,4,0,126,126
"TORRES",56,"female","urban","premium","never",0,0,0,0,0
"MEADOWS",46,"female","urban","free","never",0,0,0,0,0
"GARCIA",56,"male","urban","premium","never",0,3,0,0,0
"GROSS",32,"male","urban","free","yes",0,0,0,0,0
"MALONE",75,"male","rural","free","never",5,5,0,0,0
"WEBER",79,"male","urban","free","never",0,0,0,0,0
"MCCALL",29,"female","urban","free","never",1,1,0,0,0
"RIVAS",36,"female","urban","free","never",0,0,0,0,0
"HORTON",17,"male","rural","free","yes",0,0,0,0,0
"FISCHER",46,"male","urban","free","yes",0,0,0,0,0
"HOBBS",65,"male","urban","free","never",0,0,0,0,0
"LEACH",38,"female","urban","free","yes",0,0,0,0,0
"BAKER",84,"male","urban","free","never",0,0,0,0,0
"MCKEE",38,"male","rural","free","never",0,0,0,0,0
"CONNER",60,"male","urban","free","never",0,0,0,0,0
"SOTO",38,"male","urban","free","yes",0,0,0,0,0
"TAYLOR",46,"male","urban","free","never",0,0,0,0,0
"DALTON",20,"female","rural","free","never",0,0,0,0,0
"REED",55,"female","urban","premium","yes",0,0,0,0,92
"SULLIVAN",28,"female","urban","free","always",0,6,0,0,0
"NAVARRO",31,"female","urban","free","yes",0,0,0,0,0
"PEARSON",33,"female","urban","premium","never",0,0,0,0,0
"MCGOWAN",49,"male","urban","premium","yes",0,0,0,0,0
"HORN",20,"female","rural","premium","yes",0,5,0,153,153
"MOONEY",67,"male","rural","free","always",8,10,198,198,198
"BARR",88,"female","urban","premium","yes",0,0,0,0,73
"RYAN",19,"female","urban","free","never",0,0,0,0,0
"OLIVER",27,"male","rural","free","yes",0,3,0,114,114
"ONEIL",52,"female","urban","free","never",0,6,0,60,60
"MCCALL",49,"male","urban","free","never",0,2,0,0,0
"DIAZ",50,"male","rural","free","never",0,0,0,0,0
"HEATH",73,"male","urban","free","yes",15,15,0,0,0
"LANDRY",38,"female","urban","free","yes",0,0,0,0,148
"NASH",25,"female","rural","premium","never",0,0,0,0,0
"CHANDLER",55,"male","rural","free","always",0,0,0,0,106
"MAYS",69,"female","urban","free","yes",0,0,0,0,0
"MCDOWELL",31,"male","urban","free","yes",0,5,0,0,0
"MOORE",37,"male","urban","free","never",0,0,0,0,64
"KIM",67,"male","urban","free","yes",0,3,0,216,216
"OCONNOR",69,"male","urban","free","never",0,0,0,0,67
"HARDY",42,"female","urban","free","yes",4,4,0,0,0
"BARNES",89,"female","urban","free","never",0,0,0,0,0
"CASTRO",50,"male","urban","premium","never",0,0,0,0,0
"PAYNE",52,"male","urban","premium","yes",0,3,0,0,0
"PRUITT",29,"male","urban","free","never",9,29,0,0,0
"BYRD",63,"female","urban","free","never",0,0,0,0,0
"CASE",30,"male","urban","free","yes",10,10,0,0,199
"LOGAN",87,"female","urban","free","yes",0,3,0,0,117
"HUNT",46,"male","urban","free","yes",0,0,0,0,0
"ALEXANDER",75,"female","urban","free","never",0,0,0,0,0
"MORSE",70,"male","rural","free","never",0,0,0,0,120
"SANTOS",60,"male","urban","premium","never",0,0,0,0,0
"HERRING",42,"female","urban","free","never",5,5,0,0,0
"PATE",48,"female","urban","free","yes",0,0,0,0,0
"DENNIS",41,"male","rural","premium","never",0,0,0,0,0
"SOTO",34,"male","urban","free","never",0,0,0,0,44
"WALL",20,"female","urban","premium","yes",0,0,0,0,0
"RUIZ",60,"male","urban","premium","never",0,1,0,1,1
"RODRIGUEZ",45,"male","urban","free","yes",0,7,0,0,0
"BURNETT",55,"male","urban","free","never",0,0,0,0,42
"BAKER",47,"male","urban","free","never",0,0,0,0,0
"HUBER",24,"male","rural","free","yes",3,18,0,0,0
"HARPER",43,"male","rural","free","yes",12,18,0,0,0
"DODSON",44,"female","urban","free","always",0,0,0,0,0
"HILL",27,"female","urban","premium","yes",11,11,0,0,0
"STRICKLAND",34,"male","rural","free","never",0,0,0,0,0
"HARRISON",87,"male","urban","free","yes",0,5,0,8,8
"PICKETT",50,"male","rural","free","never",0,0,0,0,0
"MCKEE",37,"female","urban","free","never",0,1,0,0,0
"GIBSON",24,"male","urban","free","never",0,0,0,0,89
"SMALL",47,"female","urban","free","yes",0,0,0,0,0
"REED",45,"female","urban","free","always",0,0,0,0,0
"STOKES",70,"female","rural","free","never",9,9,0,0,0
"HEATH",21,"male","rural","premium","yes",2,2,0,0,137
"RIVERS",36,"male","urban","free","yes",0,11,0,210,210
"VALDEZ",58,"female","urban","free","always",0,6,0,0,0
"KNAPP",46,"male","rural","premium","yes",0,0,0,0,0
"GOODMAN",46,"female","urban","free","always",4,4,0,0,258
"MONTGOMERY",78,"male","urban","free","yes",2,2,21,21,21
"LARSEN",67,"male","rural","free","yes",0,0,0,0,0
"DUFFY",39,"female","urban","free","yes",12,12,0,0,0
"TRUJILLO",79,"male","urban","free","never",5,5,85,85,85
"CHRISTIAN",59,"female","rural","free","never",0,0,0,0,0
"BAUER",48,"male","urban","premium","never",0,3,0,0,71
"MCMILLAN",27,"male","urban","free","never",0,7,0,340,757
"VANCE",74,"female","urban","free","never",4,4,0,0,55
"FREEMAN",52,"male","urban","free","never",0,0,0,0,0
"NGUYEN",82,"male","urban","free","never",0,0,0,0,0
"SHEPHERD",49,"female","urban","premium","never",0,3,0,83,83
"MCDANIEL",49,"male","urban","free","never",0,2,0,75,81
"HOLDEN",27,"female","urban","free","yes",0,6,0,0,0
"BEASLEY",67,"male","rural","free","never",0,4,0,0,0
"WILLIAMSON",30,"male","urban","free","yes",0,0,0,0,0
"WALLACE",31,"female","urban","free","never",0,2,0,0,0
"LOTT",74,"female","urban","free","yes",0,9,0,36,36
"TALLEY",38,"male","rural","free","never",0,0,0,0,75
"HUMPHREY",27,"male","rural","free","never",10,10,0,0,0
"GOULD",66,"female","urban","free","never",12,12,0,0,0
"CANTRELL",48,"male","urban","free","never",0,0,0,0,0
"THORNTON",28,"male","rural","free","never",4,4,0,0,21
"MANNING",40,"female","urban","free","never",0,9,0,42,42
"WINTERS",44,"female","urban","free","never",2,2,90,90,90
"MOON",33,"male","urban","free","yes",1,1,0,0,108
"ZAMORA",45,"male","urban","free","never",0,0,0,0,0
"FARLEY",53,"male","urban","free","never",7,22,0,0,0
"FERNANDEZ",61,"male","urban","free","never",0,0,0,0,0
"ROSALES",21,"male","urban","free","never",0,0,0,0,0
"ROSE",36,"female","urban","free","never",0,3,0,129,129
"GIBSON",65,"male","urban","free","never",0,0,0,0,0
"RIVERA",26,"male","urban","free","yes",0,0,0,0,0
"LEVINE",61,"male","urban","free","always",0,0,0,0,0
"RUSSO",31,"female","rural","free","yes",0,5,0,38,38
"PARKER",91,"female","urban","free","never",0,4,0,126,126
"MERRILL",40,"male","urban","free","never",4,27,0,256,463
"RICE",62,"male","urban","free","never",2,2,167,167,239
"TAYLOR",58,"female","urban","free","never",0,0,0,0,0
"MORAN",51,"male","urban","free","yes",0,0,0,0,0
"NEAL",52,"female","urban","free","never",0,5,0,0,0
"FRANCO",48,"female","urban","free","never",0,0,0,0,0
"DYER",50,"male","urban","free","never",4,4,0,0,0
"FLOWERS",23,"male","urban","premium","never",0,0,0,0,0
"HAWKINS",58,"male","urban","free","yes",0,0,0,0,0
"RAMSEY",57,"female","urban","free","never",0,8,0,5,5
"FINLEY",39,"female","rural","free","yes",0,12,0,113,113
"MCCLAIN",33,"female","urban","free","never",0,0,0,0,0
"PETERS",55,"male","urban","free","yes",0,5,0,0,0
"MCMILLAN",55,"male","urban","free","always",0,5,0,0,0
"FOWLER",44,"female","urban","free","yes",0,0,0,0,0
"ACEVEDO",62,"female","urban","free","never",0,0,0,0,48
"DAVIS",59,"male","urban","free","yes",4,4,0,0,0
"SANDOVAL",32,"female","urban","premium","never",0,5,0,3,3
"COHEN",47,"female","urban","premium","yes",0,0,0,0,0
"BURT",74,"male","urban","free","yes",0,0,0,0,0
"JENSEN",32,"male","urban","premium","never",0,0,0,0,0
"LAWSON",44,"female","rural","premium","never",19,23,0,0,0
"MACDONALD",40,"male","urban","premium","yes",0,0,0,0,0
"CLARKE",67,"female","rural","premium","never",0,0,0,0,0
"WILLIAM",45,"female","rural","free","yes",0,7,0,0,0
"BRIGHT",17,"male","rural","premium","never",10,10,0,0,0
"CARROLL",51,"male","urban","free","yes",20,20,0,0,0
"SPARKS",60,"male","urban","free","never",8,18,82,106,106
"WATSON",43,"male","urban","premium","yes",2,5,0,0,0
"MEDINA",43,"male","rural","free","never",0,0,0,0,0
"HUNTER",18,"male","rural","free","never",0,0,0,0,0
"ROBERTS",76,"male","urban","free","never",7,7,0,0,0
"HEAD",47,"female","urban","free","never",0,0,0,0,0
"SMITH",30,"male","urban","free","never",0,0,0,0,0
"REEVES",34,"male","urban","free","never",0,1,0,139,139
"MARSH",28,"female","urban","free","never",0,5,0,11,11
"MULLEN",46,"female","urban","free","never",0,0,0,0,0
"GARNER",69,"female","rural","free","never",0,0,0,0,0
"WARNER",47,"male","rural","free","never",12,12,0,0,0
"SNOW",17,"male","urban","free","never",0,0,0,0,0
"FLETCHER",43,"male","urban","premium","never",0,0,0,0,0
"SANDERS",51,"male","urban","premium","never",0,0,0,0,199
"OWEN",44,"female","rural","free","yes",5,5,0,0,0
"CHANG",20,"male","urban","free","never",0,0,0,0,0
"NIEVES",28,"male","urban","free","always",0,3,0,0,0
"FREEMAN",62,"female","urban","free","never",0,0,0,0,0
"SPARKS",27,"male","urban","free","never",0,0,0,0,0
"FORD",17,"male","urban","free","yes",0,0,0,0,0
"BUCK",57,"female","urban","free","never",0,8,0,296,470
"KANE",27,"female","urban","free","never",6,6,0,0,0
"FISCHER",41,"male","urban","premium","yes",0,0,0,0,0
"WRIGHT",43,"male","urban","free","never",0,2,0,0,0
"DRAKE",38,"male","urban","free","yes",5,5,46,46,46
"WOOTEN",58,"male","urban","free","never",0,2,0,103,103
"GAMBLE",22,"female","urban","premium","yes",0,4,0,0,0
"GARRETT",27,"female","urban","free","never",0,6,0,341,341
"HARRINGTON",31,"female","urban","free","yes",0,6,0,0,0
"MCKAY",49,"male","urban","free","yes",0,8,0,0,0
"CUMMINGS",48,"female","rural","free","never",0,2,0,10,10
"PICKETT",19,"female","urban","free","never",14,14,0,0,0
"SALAZAR",37,"male","urban","free","yes",0,0,0,0,0
"LEONARD",17,"male","urban","free","never",0,4,0,0,0
"SCHNEIDER",45,"female","urban","free","never",0,0,0,0,0
"LOPEZ",41,"female","urban","premium","never",0,0,0,0,0
"MALONE",73,"male","urban","free","yes",0,1,0,217,217
"WATERS",18,"female","urban","free","yes",0,0,0,0,0
"BRYANT",38,"female","urban","free","never",0,7,0,0,0
"SUAREZ",79,"female","urban","free","never",0,0,0,0,0
"GUTHRIE",45,"female","urban","free","never",6,6,0,0,0
"DONALDSON",25,"male","urban","free","never",0,0,0,0,0
"BLAIR",33,"female","rural","premium","yes",0,5,0,0,0
"FARLEY",37,"female","urban","free","never",0,0,0,0,0
"HERRING",34,"female","urban","free","never",0,0,0,0,0
"MCCLURE",57,"male","urban","free","yes",0,0,0,0,0
"LUCAS",50,"female","urban","premium","never",0,5,0,0,0
"WALL",79,"male","urban","free","never",0,0,0,0,0
"PAGE",44,"male","urban","free","never",0,8,0,0,0
"LOWERY",31,"male","urban","premium","never",0,0,0,0,0
"NEWMAN",49,"male","urban","premium","never",0,0,0,0,0
"SYKES",68,"female","urban","free","never",0,2,0,62,244
"NORTON",87,"male","rural","free","yes",0,4,0,0,0
"MYERS",46,"female","urban","premium","always",0,9,0,10,10
"HODGES",76,"female","urban","free","never",0,0,0,0,0
"BARNETT",71,"female","rural","free","yes",11,11,0,0,0
"FREDERICK",77,"male","urban","free","yes",0,1,0,0,0
"REYES",69,"female","urban","premium","never",0,0,0,0,0
"CHANEY",52,"male","urban","free","never",0,0,0,0,0
"MAY",48,"male","urban","premium","never",0,0,0,0,0
"FITZGERALD",60,"female","urban","free","yes",0,4,0,246,246
"WILLIAMS",57,"male","urban","free","yes",7,7,0,0,0
"HENSLEY",35,"female","urban","premium","never",0,1,0,0,0
"NELSON",61,"male","urban","free","never",0,0,0,0,0
"DAVIDSON",74,"female","urban","free","yes",6,16,0,74,74
"BLACKWELL",40,"male","urban","premium","yes",0,0,0,0,0
"BRENNAN",18,"male","urban","free","never",0,0,0,0,203
"TERRY",32,"female","urban","free","always",0,8,0,0,0
"GRIMES",79,"female","urban","free","never",10,10,0,0,0
"COHEN",83,"male","urban","free","always",6,6,0,0,0
"ANDERSON",42,"male","urban","free","never",0,2,0,213,213
"DORSEY",47,"female","urban","free","never",0,0,0,0,0
"LARA",34,"male","urban","premium","never",0,0,0,0,0
"ALLISON",22,"male","rural","free","never",0,3,0,0,0
"HENDRIX",31,"male","urban","premium","never",3,4,0,38,38
"CHANEY",38,"male","urban","free","yes",0,0,0,0,0
"LITTLE",87,"male","urban","free","never",0,0,0,0,0
"JUAREZ",49,"male","rural","free","never",8,8,0,0,0
"KANE",18,"female","urban","free","never",1,1,0,0,0
"ENGLAND",25,"male","urban","free","never",0,0,0,0,0
"CHANEY",20,"male","urban","free","never",0,0,0,0,0
"SOLOMON",53,"female","rural","free","always",0,3,0,73,73
"KINNEY",63,"female","urban","free","yes",0,6,0,0,0
"MANN",79,"male","urban","free","never",6,6,4,4,4
"HOLLAND",28,"male","urban","premium","yes",0,0,0,0,0
"SKINNER",48,"male","rural","free","yes",0,2,0,0,0
"WARREN",35,"male","urban","free","never",0,0,0,0,210
"LOGAN",20,"male","urban","free","never",0,0,0,0,0
"MORGAN",45,"male","rural","premium","yes",0,0,0,0,0
"RYAN",69,"female","rural","free","yes",0,0,0,0,0
"GAINES",38,"male","urban","free","yes",0,3,0,0,0
"GUZMAN",85,"male","urban","premium","never",0,0,0,0,0
"HODGES",39,"male","urban","premium","yes",0,0,0,0,0
"GREENE",71,"male","urban","free","never",17,17,0,0,0
"FINCH",46,"male","urban","free","yes",11,11,0,0,0
"SAVAGE",41,"female","urban","premium","never",0,1,0,0,253
"COTTON",18,"male","urban","free","never",0,0,0,0,0
"MERRITT",40,"female","urban","free","always",0,0,0,0,0
"FLETCHER",18,"female","urban","free","never",6,6,0,0,0
"ROBINSON",33,"male","urban","premium","never",0,0,0,0,107
"DICKERSON",60,"male","urban","free","never",7,7,75,75,75
"FOSTER",63,"male","urban","premium","yes",0,4,0,0,0
"GENTRY",76,"female","urban","premium","yes",0,3,0,0,0
"GALLOWAY",20,"female","rural","free","never",0,0,0,0,0
"NORRIS",42,"female","urban","free","yes",0,0,0,0,0
"HUTCHINSON",36,"male","urban","free","never",0,0,0,0,248
"DOTSON",44,"male","urban","free","never",0,0,0,0,0
"GREEN",32,"female","rural","free","yes",0,0,0,0,0
"LOVE",45,"male","urban","free","yes",9,9,0,0,0
"STANLEY",19,"female","urban","premium","never",0,0,0,0,0
"PUGH",31,"female","urban","free","yes",0,0,0,0,0
"MASSEY",52,"female","urban","free","yes",0,0,0,0,0
"SHEPARD",43,"female","urban","free","yes",0,2,0,253,253
"THORNTON",39,"female","urban","free","never",0,0,0,0,0
"JACKSON",54,"male","urban","free","yes",0,0,0,0,0
"BRITT",45,"female","urban","free","never",8,8,0,0,132
"REED",62,"female","urban","free","never",0,1,0,0,0
"TURNER",20,"female","urban","premium","never",0,0,0,0,0
"LUNA",49,"female","urban","premium","never",0,0,0,0,0
"PRICE",29,"female","urban","free","never",0,0,0,0,0
"KENNEDY",46,"female","urban","free","yes",0,0,0,0,0
"KERR",29,"male","rural","free","always",0,0,0,0,0
"HOWELL",50,"male","urban","free","always",0,2,0,0,0
"MCKAY",54,"female","urban","free","never",0,0,0,0,0
"HOFFMAN",28,"female","urban","free","never",0,0,0,0,140
"MOSES",26,"male","urban","free","never",0,6,0,0,0
"SOSA",40,"male","rural","free","yes",0,11,0,31,31
"HARRISON",82,"female","urban","free","never",0,0,0,0,124
"HORN",48,"female","urban","premium","never",6,6,0,0,0
"WORKMAN",67,"male","urban","premium","never",0,0,0,0,0
"PATEL",50,"male","rural","free","never",0,0,0,0,0
"SCHNEIDER",36,"male","rural","free","never",0,0,0,0,0
"DIAZ",19,"female","urban","free","always",0,0,0,0,0
"ELLIOTT",25,"male","urban","free","never",0,0,0,0,0
"GIBSON",73,"female","urban","premium","never",0,3,0,166,166
"CHAPMAN",29,"female","urban","free","never",0,0,0,0,0
"HARDIN",52,"female","urban","free","yes",0,6,0,0,0
"GUERRERO",54,"male","rural","free","never",0,6,0,120,120
"SOLIS",57,"male","urban","free","never",0,0,0,0,0
"CHURCH",80,"female","rural","free","never",8,8,0,0,0
"MCDOWELL",53,"female","urban","free","never",0,0,0,0,0
"MCFADDEN",77,"female","urban","free","never",0,0,0,0,0
"CASEY",35,"male","urban","free","never",0,0,0,0,0
"MOSES",70,"female","urban","free","yes",0,8,0,0,0
"FULTON",66,"female","rural","premium","never",5,5,112,112,112
"CANTU",27,"male","urban","free","yes",0,0,0,0,0
"MCBRIDE",55,"male","rural","free","never",0,9,0,0,0
"HAYNES",24,"male","rural","free","never",0,0,0,0,0
"MORALES",67,"male","urban","premium","yes",0,8,0,0,0
"HUMPHREY",39,"male","rural","free","never",0,0,0,0,0
"SHANNON",58,"male","urban","free","yes",0,0,0,0,0
"RICE",56,"male","urban","free","never",0,9,0,0,0
"NEWTON",20,"female","urban","free","never",0,0,0,0,116
"BARTON",71,"male","urban","premium","never",0,6,0,45,45
"BEARD",26,"male","rural","free","never",0,0,0,0,0
"BENTLEY",51,"female","urban","free","never",0,4,0,337,337
"DELANEY",66,"male","urban","free","never",1,9,221,221,221
"LINDSAY",63,"female","rural","free","never",5,9,0,0,46
"MCCLAIN",80,"male","rural","free","never",0,5,0,0,0
"BROWNING",52,"female","urban","free","yes",0,0,0,0,156
"FOWLER",88,"male","urban","free","never",0,5,0,0,0
"CARVER",76,"male","urban","free","yes",0,0,0,0,0
"BLEVINS",20,"male","rural","free","never",0,5,0,130,130
"FRANKS",51,"male","rural","premium","never",0,8,0,0,0
"WAGNER",47,"male","urban","free","never",0,0,0,0,144
"HARDY",35,"male","urban","free","never",0,0,0,0,0
"STARK",34,"male","urban","premium","never",0,0,0,0,0
"RANDOLPH",25,"male","rural","free","yes",9,9,0,0,0
"PACHECO",19,"male","urban","free","yes",0,1,0,0,0
"HENDERSON",80,"male","urban","premium","always",0,3,0,0,0
"WOLFE",29,"female","urban","free","yes",0,7,0,0,0
"BREWER",66,"male","urban","free","never",0,3,0,0,0
"MULLINS",60,"female","urban","free","never",1,1,0,0,0
"HOUSE",18,"female","urban","free","yes",0,9,0,0,0
"BOONE",25,"male","rural","premium","yes",6,6,0,0,0
"LEVINE",35,"male","urban","free","never",0,0,0,0,0
"FREDERICK",60,"male","urban","free","never",0,0,0,0,0
"HOWE",17,"male","urban","premium","yes",3,3,0,0,0
"MATHIS",71,"female","rural","free","never",0,4,0,0,0
"ATKINS",52,"female","urban","free","always",1,1,0,0,0
"SHELTON",51,"female","rural","premium","never",7,7,0,0,0
"BLANKENSHIP",32,"male","urban","free","never",0,0,0,0,0
"OCHOA",35,"male","urban","free","never",6,6,64,64,64
"BURT",42,"male","urban","free","never",0,6,0,0,0
"DAVID",21,"female","rural","premium","never",0,2,0,0,0
"RIDDLE",17,"male","urban","premium","never",0,0,0,0,0
"LINDSAY",47,"female","rural","free","yes",9,9,0,0,0
"HOLLOWAY",90,"female","urban","free","never",0,0,0,0,89
"CASE",50,"male","urban","free","never",0,0,0,0,0
"KANE",42,"male","urban","free","never",0,0,0,0,0
"BUCK",52,"male","urban","free","never",0,3,0,16,16
"GARNER",72,"female","urban","free","never",0,3,0,0,0
"DELANEY",75,"male","urban","free","never",0,2,0,0,0
"SHERMAN",63,"female","urban","free","never",0,0,0,0,0
"BRANCH",65,"male","urban","free","yes",0,6,0,0,0
"SERRANO",32,"male","urban","premium","yes",2,21,0,0,0
"CHRISTENSEN",58,"female","urban","free","yes",7,7,0,0,0
"MORAN",44,"female","urban","free","never",0,0,0,0,0
"SEXTON",35,"male","urban","premium","never",0,0,0,0,0
"KIRKLAND",52,"female","rural","premium","yes",0,0,0,0,0
"MCMILLAN",55,"male","rural","free","yes",0,12,0,0,0
"YOUNG",26,"female","rural","free","never",0,0,0,0,0
"VANG",85,"male","urban","free","always",0,0,0,0,0
"PIERCE",45,"male","urban","free","never",0,11,0,11,11
"LARSEN",53,"male","urban","premium","never",0,0,0,0,0
"SIMPSON",26,"male","urban","free","never",0,0,0,0,0
"POTTS",51,"female","urban","free","never",5,5,0,0,0
"RAMSEY",35,"male","urban","free","never",3,10,46,131,131
"LOPEZ",81,"female","rural","free","never",0,0,0,0,366
"CRUZ",27,"male","rural","free","never",9,9,0,0,0
"ACEVEDO",19,"male","rural","free","always",2,2,0,0,0
