"Name","Age","Gender","Area","Email","Mobile","Logins 4 weeks","Logins 6 months","Sales 4 weeks","Sales 6 months","Sales total","Response"
"COX",64,"female","urban","free","never",1,1,0,0,0,"no"
"FARLEY",49,"male","urban","premium","never",0,4,0,0,0,"yes"
"HYDE",63,"male","urban","free","never",0,0,0,0,0,"no"
"SANTIAGO",75,"male","urban","premium","yes",0,0,0,0,0,"yes"
"COPELAND",37,"female","urban","free","yes",0,0,0,0,62,"no"
"HUNT",30,"male","urban","free","yes",0,8,0,30,30,"yes"
"GILLESPIE",58,"male","urban","free","yes",0,8,0,0,0,"yes"
"FREEMAN",35,"female","urban","free","yes",0,0,0,0,0,"no"
"HOBBS",21,"female","urban","free","never",0,8,0,0,0,"no"
"CONLEY",35,"male","urban","free","yes",0,0,0,0,155,"yes"
"PETERS",32,"female","urban","free","never",0,1,0,0,0,"no"
"STEWART",46,"male","rural","premium","never",3,3,0,0,0,"yes"
"FOWLER",38,"female","urban","free","never",0,1,0,0,0,"no"
"MAYNARD",61,"male","rural","free","yes",0,0,0,0,0,"no"
"WHITLEY",50,"female","urban","premium","never",0,0,0,0,0,"no"
"DILLON",32,"female","rural","free","yes",0,5,0,0,0,"no"
"WITT",17,"male","urban","free","never",0,0,0,0,0,"no"
"LAWRENCE",30,"female","urban","free","never",0,0,0,0,0,"no"
"HINES",18,"female","urban","premium","yes",0,0,0,0,0,"yes"
"ROBBINS",42,"male","urban","free","never",0,1,0,0,0,"no"
"DUNN",18,"female","urban","free","never",0,0,0,0,0,"no"
"CLAY",29,"female","rural","free","never",0,0,0,0,0,"no"
"DANIELS",85,"female","urban","premium","never",0,0,0,0,68,"no"
"CARVER",23,"male","urban","free","yes",0,0,0,0,0,"yes"
"MCCLAIN",78,"female","urban","free","never",0,0,0,0,0,"no"
"SEARS",39,"male","urban","free","yes",0,2,0,206,206,"yes"
"MCKENZIE",33,"male","urban","premium","never",6,6,0,0,74,"yes"
"ROJAS",27,"female","urban","free","never",0,2,0,0,0,"no"
"HEBERT",62,"female","urban","premium","never",10,33,0,0,0,"yes"
"LOPEZ",36,"female","urban","free","never",0,0,0,0,0,"no"
"ROGERS",65,"male","urban","free","never",0,0,0,0,0,"no"
"MCCALL",43,"female","urban","free","never",0,0,0,0,0,"no"
"CALDERON",43,"female","rural","free","yes",0,0,0,0,0,"no"
"ELLIS",21,"female","urban","free","never",0,10,0,0,0,"no"
"RIVERA",55,"male","urban","free","yes",0,0,0,0,0,"yes"
"FUENTES",22,"female","urban","free","never",0,0,0,0,0,"no"
"ROWE",45,"female","urban","free","never",0,0,0,0,0,"no"
"MALDONADO",49,"female","urban","free","never",0,0,0,0,0,"no"
"MURRAY",66,"female","urban","free","never",0,3,0,0,0,"no"
"CLAY",77,"male","urban","free","yes",0,0,0,0,0,"no"
"THOMPSON",61,"male","urban","free","yes",0,2,0,0,179,"yes"
"LARSON",46,"female","urban","free","never",0,0,0,0,0,"no"
"THOMPSON",75,"male","rural","free","never",0,1,0,0,92,"no"
"TATE",57,"female","urban","premium","yes",0,0,0,0,0,"yes"
"HARRINGTON",59,"male","urban","premium","never",0,0,0,0,0,"yes"
"CUNNINGHAM",41,"female","urban","free","yes",0,0,0,0,0,"no"
"STEPHENS",79,"female","urban","premium","never",14,31,0,0,0,"yes"
"WALLACE",45,"female","urban","free","never",12,12,47,47,47,"yes"
"ROJAS",60,"male","urban","free","yes",0,7,0,43,43,"yes"
"SIMMONS",70,"female","urban","free","yes",3,3,100,100,100,"yes"
"DANIEL",30,"female","urban","free","never",0,0,0,0,0,"no"
"AUSTIN",58,"female","urban","free","yes",0,3,0,0,0,"no"
"TURNER",24,"female","urban","free","always",0,0,0,0,0,"no"
"GUERRERO",29,"male","urban","premium","never",7,7,135,135,135,"yes"
"ROSE",64,"female","urban","premium","yes",5,5,111,111,111,"yes"
"SHAW",23,"female","urban","free","yes",0,0,0,0,0,"no"
"RAMOS",80,"female","urban","free","yes",0,0,0,0,0,"no"
"VARGAS",36,"male","urban","premium","always",0,5,0,0,0,"yes"
"PHILLIPS",36,"male","rural","free","never",0,0,0,0,184,"no"
"BENSON",19,"female","urban","premium","never",0,0,0,0,0,"yes"
"ATKINSON",66,"female","urban","free","never",0,0,0,0,0,"no"
"LUCAS",37,"female","urban","free","yes",7,8,0,175,175,"yes"
"HAYS",23,"male","urban","free","never",0,0,0,0,226,"no"
"BAILEY",23,"female","urban","free","never",1,1,0,0,0,"no"
"PATTON",47,"female","urban","free","never",2,4,0,0,0,"no"
"HANSON",17,"male","urban","free","never",17,17,0,0,0,"yes"
"CALLAHAN",24,"female","urban","free","yes",4,4,0,0,34,"yes"
"DAVID",75,"male","urban","premium","yes",0,0,0,0,0,"yes"
"DALE",31,"male","urban","free","never",0,0,0,0,0,"no"
"MIRANDA",44,"female","urban","free","never",16,16,0,0,195,"yes"
"HUTCHINSON",67,"female","urban","premium","never",0,3,0,0,0,"yes"
"BAIRD",53,"male","urban","free","yes",8,36,0,216,216,"yes"
"BUCK",42,"male","urban","premium","never",0,0,0,0,125,"yes"
"SWEENEY",45,"male","urban","free","never",11,24,101,101,101,"yes"
"BEASLEY",33,"female","urban","free","never",0,2,0,6,6,"no"
"PATEL",81,"female","rural","free","yes",0,0,0,0,0,"no"
"CARPENTER",84,"male","urban","premium","yes",9,9,0,0,45,"yes"
"SYKES",66,"female","urban","free","never",0,2,0,266,266,"yes"
"OLIVER",31,"female","urban","free","never",0,0,0,0,0,"no"
"FLYNN",53,"female","urban","free","never",2,2,0,0,0,"no"
"COPELAND",55,"female","rural","free","yes",9,9,0,0,0,"yes"
"BLANCHARD",51,"male","urban","premium","never",11,11,0,0,0,"yes"
"RIOS",38,"male","urban","premium","never",5,5,0,0,0,"yes"
"HANSON",56,"female","urban","free","never",0,0,0,0,0,"no"
"NORRIS",20,"male","urban","free","yes",0,0,0,0,0,"yes"
"HUNTER",26,"female","rural","free","never",0,0,0,0,0,"no"
"BLEVINS",58,"female","urban","free","yes",0,0,0,0,0,"no"
"GILMORE",32,"male","rural","free","never",0,0,0,0,0,"no"
"PACHECO",51,"female","urban","premium","never",9,9,0,0,244,"yes"
"PRATT",37,"female","urban","premium","yes",10,26,29,194,194,"yes"
"MUNOZ",40,"female","urban","free","yes",0,10,0,102,102,"yes"
"RAMSEY",57,"male","urban","premium","never",0,0,0,0,0,"yes"
"BRIGHT",60,"female","urban","free","never",0,0,0,0,0,"no"
"PITTS",52,"male","rural","free","never",0,5,0,134,134,"yes"
"WALKER",29,"female","urban","free","never",0,0,0,0,0,"no"
"CASH",40,"male","rural","free","never",0,0,0,0,22,"no"
"JONES",47,"male","urban","free","never",0,5,0,0,0,"no"
"TURNER",32,"female","urban","free","never",0,0,0,0,199,"no"
"STONE",81,"female","urban","free","never",0,0,0,0,0,"no"
"GILMORE",18,"female","urban","premium","never",0,4,0,0,0,"yes"
"WALLER",27,"female","urban","free","yes",7,7,0,0,0,"yes"
"HOUSTON",25,"male","urban","premium","never",0,0,0,0,0,"yes"
"JACOBS",81,"male","urban","premium","never",0,0,0,0,0,"yes"
"HOLMES",36,"male","urban","premium","never",0,0,0,0,0,"yes"
"FLOYD",34,"male","urban","free","never",4,4,0,0,0,"yes"
"CHRISTENSEN",34,"male","urban","free","yes",0,0,0,0,0,"yes"
"ELLISON",17,"male","urban","free","never",0,3,0,17,93,"no"
"FARLEY",33,"male","urban","free","never",0,0,0,0,62,"no"
"BENTON",81,"male","urban","free","never",0,6,0,0,0,"no"
"CRUZ",22,"female","urban","premium","never",12,12,0,0,0,"yes"
"PENNINGTON",46,"male","urban","free","yes",2,2,0,0,0,"yes"
"LOWE",38,"male","urban","free","never",0,0,0,0,0,"no"
"MCBRIDE",34,"female","urban","free","always",5,5,0,0,0,"no"
"WYATT",24,"female","rural","free","never",0,0,0,0,35,"no"
"FITZGERALD",39,"female","rural","free","never",0,0,0,0,66,"no"
"CARPENTER",47,"male","rural","premium","never",14,14,0,0,0,"yes"
"HUNT",48,"female","urban","premium","yes",0,5,0,0,0,"yes"
"KNIGHT",19,"male","urban","free","never",0,6,0,61,61,"yes"
"MORTON",43,"male","urban","free","yes",0,8,0,215,215,"yes"
"WOLF",50,"male","urban","free","never",0,0,0,0,0,"no"
"BALL",87,"female","urban","premium","never",0,0,0,0,0,"no"
"VALENTINE",60,"female","urban","free","never",0,6,0,0,0,"no"
"SKINNER",55,"male","rural","free","never",0,0,0,0,0,"no"
"MONTOYA",59,"male","urban","free","yes",0,0,0,0,0,"yes"
"LEONARD",61,"male","urban","free","always",0,0,0,0,0,"no"
"MAYER",31,"female","urban","premium","yes",7,7,0,0,0,"yes"
"POTTER",36,"female","urban","free","never",13,31,0,0,0,"yes"
"KIM",63,"female","rural","free","never",0,0,0,0,0,"no"
"PUGH",46,"male","urban","free","yes",4,18,0,0,0,"yes"
"ARNOLD",60,"male","urban","free","yes",0,2,0,0,0,"yes"
"ANDERSON",27,"male","urban","free","yes",0,0,0,0,0,"yes"
"BARRY",18,"female","urban","free","yes",0,0,0,0,0,"no"
"STRICKLAND",39,"male","urban","free","yes",16,16,0,0,0,"yes"
"KRAMER",38,"male","urban","free","never",0,0,0,0,0,"no"
"HAWKINS",86,"male","rural","free","never",1,1,0,0,0,"no"
"SHEPHERD",21,"male","urban","free","yes",0,0,0,0,0,"yes"
"WILKINS",67,"female","rural","premium","yes",8,8,0,0,0,"yes"
"GARZA",21,"male","urban","free","never",0,6,0,0,0,"no"
"BUCKLEY",29,"male","urban","free","never",0,0,0,0,16,"no"
"HENDRIX",51,"female","urban","free","never",0,0,0,0,0,"no"
"JORDAN",62,"male","urban","free","yes",0,0,0,0,0,"yes"
"EVANS",66,"male","urban","free","never",9,9,0,0,0,"yes"
"BRENNAN",23,"male","urban","free","never",0,0,0,0,0,"no"
"SANTOS",76,"female","rural","premium","never",0,1,0,43,43,"no"
"BENTON",30,"female","urban","free","yes",0,4,0,0,167,"yes"
"MILLER",90,"female","rural","free","never",0,0,0,0,0,"no"
"CLAY",72,"female","urban","free","yes",0,4,0,0,0,"no"
"JARVIS",58,"female","urban","free","never",0,4,0,0,0,"no"
"SOSA",84,"female","urban","free","never",0,4,0,0,0,"no"
"GRANT",30,"male","urban","free","always",0,0,0,0,0,"no"
"CONNER",37,"male","rural","free","yes",0,2,0,15,15,"no"
"MILLS",21,"male","rural","free","never",0,0,0,0,0,"no"
"KRAMER",81,"female","urban","free","yes",7,12,0,0,0,"yes"
"DOWNS",34,"male","urban","free","never",0,7,0,0,0,"no"
"CHURCH",73,"male","urban","free","yes",2,2,0,0,0,"yes"
"COTE",25,"female","urban","premium","yes",0,0,0,0,0,"yes"
"MORENO",47,"female","urban","free","never",8,8,33,33,33,"yes"
"NORTON",61,"male","urban","free","yes",8,8,0,0,47,"yes"
"SANFORD",21,"male","urban","free","never",0,3,0,0,0,"no"
"FERRELL",31,"male","urban","free","never",0,0,0,0,0,"no"
"FREEMAN",49,"female","urban","free","yes",0,0,0,0,87,"no"
"OBRIEN",43,"male","urban","premium","always",0,0,0,0,0,"yes"
"AGUILAR",61,"male","urban","free","yes",0,0,0,0,0,"yes"
"WARREN",24,"male","rural","free","yes",0,0,0,0,0,"no"
"BLEVINS",19,"female","rural","free","never",0,4,0,0,0,"no"
"BLEVINS",36,"female","rural","premium","never",0,0,0,0,0,"no"
"BUSH",55,"male","urban","free","yes",0,0,0,0,0,"yes"
"LYNN",49,"male","urban","free","never",13,13,104,104,104,"yes"
"FERGUSON",50,"male","rural","free","yes",0,6,0,0,0,"no"
"BARR",32,"male","urban","free","yes",0,0,0,0,0,"yes"
"HENSON",90,"male","urban","free","never",7,7,71,71,71,"yes"
"FRANKS",43,"female","urban","premium","never",0,0,0,0,0,"no"
"PHILLIPS",57,"male","rural","premium","never",0,3,0,0,0,"yes"
"CASE",17,"female","urban","free","never",0,0,0,0,0,"no"
"FITZGERALD",37,"male","rural","free","never",0,5,0,78,78,"no"
"HEBERT",57,"female","urban","free","never",0,17,0,0,0,"no"
"CANTU",31,"male","urban","free","never",0,1,0,0,0,"no"
"SCHULTZ",52,"male","rural","premium","yes",0,1,0,0,147,"yes"
"MCKNIGHT",71,"female","urban","free","never",5,5,110,110,110,"yes"
"RUSSO",71,"female","rural","free","yes",0,0,0,0,0,"no"
"GAINES",31,"male","urban","free","always",0,0,0,0,0,"no"
"ZIMMERMAN",47,"male","urban","free","never",0,9,0,300,396,"yes"
"BATES",56,"female","rural","free","yes",3,14,0,0,0,"yes"
"COCHRAN",42,"female","rural","free","never",0,9,0,0,0,"no"
"SUAREZ",27,"female","urban","free","never",0,0,0,0,0,"no"
"BARRERA",55,"male","urban","premium","yes",20,20,0,0,0,"yes"
"RUSSELL",27,"male","rural","free","yes",2,2,0,0,0,"yes"
"DOYLE",35,"female","urban","free","never",0,7,0,0,0,"no"
"KAUFMAN",23,"female","urban","free","never",0,0,0,0,0,"no"
"CURTIS",29,"male","urban","free","yes",0,0,0,0,0,"yes"
"FORD",45,"male","urban","free","never",0,0,0,0,0,"no"
"DURAN",55,"female","urban","free","yes",0,4,0,0,0,"no"
"MCCORMICK",37,"female","urban","free","always",0,7,0,23,23,"no"
"SIMS",55,"female","rural","free","never",0,0,0,0,113,"no"
"BUCK",68,"male","urban","free","never",0,0,0,0,0,"no"
"MCFADDEN",45,"female","urban","premium","never",0,1,0,0,0,"yes"
"WILCOX",52,"male","rural","premium","yes",11,11,0,0,0,"yes"
"HANEY",61,"male","urban","free","yes",0,0,0,0,0,"yes"
"LEWIS",29,"female","urban","free","never",0,0,0,0,0,"no"
"FORD",21,"female","rural","free","never",0,0,0,0,0,"no"
"DAVENPORT",41,"male","urban","free","yes",13,13,0,0,24,"yes"
"STANLEY",30,"female","urban","free","yes",6,16,44,310,310,"yes"
"HESTER",53,"male","urban","free","never",0,0,0,0,0,"no"
"CURTIS",34,"male","rural","premium","yes",0,0,0,0,0,"yes"
"KELLEY",78,"male","rural","free","never",0,0,0,0,0,"no"
"MCFARLAND",60,"female","urban","free","never",0,3,0,82,82,"no"
"MATHIS",26,"female","urban","premium","never",7,7,5,5,5,"yes"
"ROCHA",49,"female","urban","premium","never",0,5,0,0,0,"yes"
"HENRY",30,"female","urban","free","yes",0,0,0,0,0,"no"
"COMPTON",23,"female","urban","free","never",0,7,0,0,0,"no"
"GOMEZ",88,"male","urban","free","yes",8,22,0,0,0,"yes"
"GRAY",46,"female","urban","premium","never",0,0,0,0,0,"no"
"TERRELL",29,"female","urban","free","never",0,0,0,0,0,"no"
"SHEPPARD",27,"male","urban","free","never",0,5,0,0,0,"no"
"GILL",53,"male","urban","free","never",0,0,0,0,0,"no"
"GRIFFITH",84,"male","urban","free","yes",0,0,0,0,0,"no"
"HATFIELD",83,"male","urban","free","never",0,0,0,0,0,"no"
"HARTMAN",77,"female","urban","free","yes",0,0,0,0,0,"no"
"BEASLEY",18,"male","rural","free","yes",5,5,0,0,0,"yes"
"TERRY",87,"female","urban","premium","yes",3,3,67,67,259,"yes"
"HUBER",44,"male","urban","free","yes",0,3,0,0,0,"yes"
"KENT",32,"male","urban","premium","never",0,0,0,0,0,"yes"
"CALHOUN",29,"female","urban","free","always",0,0,0,0,0,"no"
"SHEPHERD",67,"female","urban","free","yes",0,1,0,0,35,"no"
"SANCHEZ",43,"male","rural","free","never",13,13,0,0,0,"yes"
"HILL",31,"male","urban","free","never",11,11,0,0,0,"yes"
"SWANSON",29,"male","urban","free","yes",0,0,0,0,0,"yes"
"KEY",32,"male","urban","premium","never",0,5,0,0,0,"yes"
"WALSH",17,"female","urban","free","never",5,12,0,0,55,"yes"
"NOEL",23,"male","urban","free","never",0,0,0,0,0,"no"
"LYNN",89,"female","urban","free","never",10,10,0,0,0,"yes"
"COOPER",27,"female","rural","free","yes",0,0,0,0,0,"no"
"HALE",56,"female","urban","free","always",0,11,0,0,0,"no"
"SHELTON",66,"male","urban","free","never",0,7,0,0,0,"no"
"TALLEY",65,"male","urban","free","always",0,8,0,0,431,"yes"
"DODSON",59,"male","urban","premium","never",0,7,0,240,240,"yes"
"MCCALL",83,"male","urban","free","yes",16,16,218,218,218,"yes"
"HUBER",59,"male","urban","free","yes",0,0,0,0,54,"yes"
"HOPPER",53,"male","urban","free","never",0,2,0,0,0,"no"
"LITTLE",46,"female","urban","free","never",8,17,0,0,0,"yes"
"KLEIN",32,"female","urban","free","never",0,6,0,0,0,"no"
"MORALES",54,"male","urban","free","never",0,0,0,0,0,"no"
"MCKINNEY",75,"female","urban","free","never",0,0,0,0,0,"no"
"RASMUSSEN",32,"male","urban","free","always",0,0,0,0,0,"no"
"MILES",42,"female","urban","free","never",5,5,0,0,0,"no"
"PETERSEN",77,"female","urban","free","never",0,4,0,51,198,"no"
"MCLEAN",42,"female","urban","free","yes",0,9,0,0,0,"yes"
"BRIDGES",53,"male","urban","free","never",1,17,0,0,0,"yes"
"DORSEY",33,"female","urban","free","never",0,4,0,0,0,"no"
"BRIDGES",77,"male","urban","premium","never",1,1,0,0,0,"yes"
"PATRICK",40,"female","urban","premium","never",0,0,0,0,0,"yes"
"HART",62,"male","urban","free","yes",0,0,0,0,0,"yes"
"ONEAL",37,"male","rural","free","never",0,0,0,0,0,"no"
"BAIRD",21,"male","rural","premium","never",0,3,0,0,0,"yes"
"GARDNER",30,"male","rural","free","never",0,3,0,98,98,"no"
"CAREY",66,"male","urban","free","yes",0,3,0,0,0,"yes"
"GROSS",69,"female","urban","free","yes",0,0,0,0,0,"no"
"MANNING",55,"female","urban","premium","never",0,0,0,0,237,"yes"
"ORR",49,"male","urban","free","yes",1,1,0,0,0,"yes"
"WOODS",44,"male","urban","free","never",0,0,0,0,0,"no"
"FINLEY",28,"female","urban","free","yes",0,0,0,0,0,"no"
"FRANCO",39,"male","rural","free","yes",0,6,0,0,0,"yes"
"CONLEY",36,"male","urban","free","never",0,4,0,0,181,"no"
"HANSEN",76,"female","urban","free","never",12,12,0,0,0,"yes"
"ONEIL",39,"male","urban","free","yes",0,0,0,0,0,"yes"
"CASTILLO",65,"male","urban","free","never",0,0,0,0,0,"no"
"PUGH",50,"female","urban","free","yes",2,2,0,0,0,"no"
"FITZPATRICK",18,"female","rural","free","never",0,3,0,24,24,"no"
"RICHARD",59,"male","rural","premium","never",0,1,0,0,0,"yes"
"SIMON",44,"male","urban","free","yes",0,1,0,96,96,"yes"
"BARRY",76,"female","urban","free","never",5,5,0,0,0,"no"
"ALBERT",56,"male","urban","free","never",7,7,0,0,0,"yes"
"HAMMOND",88,"female","urban","free","never",4,4,0,0,0,"no"
"FINCH",44,"female","urban","premium","never",0,6,0,0,0,"yes"
"SLOAN",50,"male","urban","free","always",0,0,0,0,0,"no"
"KNIGHT",44,"male","urban","free","never",0,0,0,0,0,"no"
"BECK",51,"female","urban","free","never",6,6,0,0,0,"no"
"SALINAS",46,"male","rural","free","never",2,2,0,0,0,"no"
"MIRANDA",35,"female","rural","free","never",0,0,0,0,133,"no"
"WEEKS",23,"male","rural","free","yes",0,0,0,0,0,"no"
"SALAZAR",27,"female","urban","premium","yes",0,4,0,0,0,"yes"
"KNAPP",34,"male","urban","premium","never",0,10,0,0,0,"yes"
"EWING",21,"male","urban","free","never",6,6,0,0,0,"yes"
"CAMACHO",58,"female","urban","free","never",2,29,0,0,50,"yes"
"PEREZ",59,"female","urban","premium","yes",0,5,0,0,0,"yes"
"SALINAS",56,"female","rural","free","always",0,0,0,0,0,"no"
"WEBER",57,"female","urban","free","never",13,25,0,171,171,"yes"
"HOLCOMB",57,"female","urban","free","yes",0,0,0,0,0,"no"
"ALSTON",59,"female","urban","free","never",0,3,0,0,0,"no"
"MCLAUGHLIN",27,"female","urban","free","yes",0,5,0,111,111,"yes"
"MEADOWS",59,"male","urban","free","never",0,9,0,0,19,"no"
"HINTON",36,"female","urban","free","never",0,0,0,0,0,"no"
"FROST",55,"female","urban","free","never",11,11,88,88,88,"yes"
"DIAZ",47,"female","rural","free","never",0,0,0,0,0,"no"
"CASH",45,"female","urban","free","yes",9,9,0,0,0,"yes"
"HARRELL",73,"male","urban","free","never",0,5,0,7,7,"no"
"BALDWIN",55,"male","rural","free","never",0,0,0,0,0,"no"
"MCLEOD",86,"male","urban","premium","always",10,17,0,0,0,"yes"
"HATFIELD",28,"female","urban","free","yes",0,0,0,0,0,"no"
"JACKSON",28,"female","urban","free","never",0,0,0,0,0,"no"
"GUTHRIE",43,"female","urban","premium","yes",0,6,0,66,66,"yes"
"FLYNN",44,"female","urban","free","yes",0,0,0,0,0,"no"
"NOBLE",55,"female","urban","free","never",0,4,0,286,286,"yes"
"HARDY",61,"male","urban","free","never",6,6,0,0,0,"yes"
"WOODARD",52,"male","urban","premium","yes",0,4,0,218,218,"yes"
"BOONE",64,"male","urban","free","never",0,5,0,0,0,"no"
"KELLER",56,"female","urban","free","never",0,9,0,0,0,"no"
"VINCENT",24,"female","urban","free","yes",0,0,0,0,0,"no"
"PHILLIPS",50,"female","urban","free","yes",0,0,0,0,0,"no"
"GALLOWAY",60,"female","urban","free","yes",0,2,0,0,0,"no"
"LANG",32,"female","urban","free","never",11,11,0,0,0,"yes"
"CHAMBERS",26,"female","urban","free","never",0,0,0,0,56,"no"
"SPENCE",37,"female","urban","premium","yes",15,37,0,153,206,"yes"
"TERRELL",26,"male","urban","premium","yes",0,6,0,0,0,"yes"
"WARNER",26,"female","urban","free","never",0,0,0,0,0,"no"
"TYSON",44,"male","urban","free","yes",3,3,0,0,0,"yes"
"SHARPE",70,"female","urban","free","never",0,2,0,0,100,"no"
"ROBERSON",81,"male","urban","free","never",5,5,0,0,0,"yes"
"NUNEZ",52,"male","urban","free","yes",0,3,0,0,0,"yes"
"KIRKLAND",51,"male","urban","free","yes",11,14,0,0,0,"yes"
"DALE",50,"female","urban","free","never",8,8,0,0,0,"yes"
"GILBERT",48,"male","urban","free","never",0,0,0,0,0,"no"
"DOWNS",28,"male","rural","free","never",0,0,0,0,0,"no"
"HEAD",76,"female","urban","free","never",4,4,0,0,0,"no"
"MCGEE",34,"female","urban","free","yes",4,24,0,0,0,"yes"
"HODGES",67,"male","urban","free","yes",0,0,0,0,0,"no"
"DAY",52,"male","rural","free","never",0,0,0,0,0,"no"
"AGUILAR",50,"male","rural","premium","never",0,0,0,0,0,"yes"
"HOPKINS",54,"male","urban","free","never",0,2,0,0,0,"no"
"AVERY",66,"female","urban","free","always",0,9,0,0,0,"no"
"PRATT",26,"male","urban","free","yes",0,0,0,0,0,"yes"
"BALL",59,"male","rural","free","yes",5,9,0,125,153,"yes"
"RICH",24,"male","urban","free","never",0,0,0,0,16,"no"
"CONLEY",60,"male","urban","free","never",10,10,0,0,0,"yes"
"SPARKS",24,"male","urban","free","yes",0,3,0,46,46,"yes"
"FLORES",68,"female","urban","free","never",0,0,0,0,0,"no"
"BAUER",38,"male","urban","premium","always",0,0,0,0,0,"yes"
"DIXON",27,"male","urban","free","yes",0,0,0,0,0,"yes"
"LAWSON",32,"female","urban","free","never",8,8,0,0,0,"yes"
"CARR",27,"male","urban","free","never",14,16,63,63,63,"yes"
"BRADY",41,"female","rural","free","always",0,6,0,46,306,"no"
"MOSES",22,"male","rural","free","never",0,3,0,0,0,"no"
"RICHARDSON",31,"male","urban","free","never",0,0,0,0,0,"no"
"SYKES",78,"male","urban","free","never",0,3,0,190,190,"yes"
"BEST",56,"female","urban","free","yes",0,0,0,0,0,"no"
"KENNEDY",35,"male","urban","premium","never",0,0,0,0,0,"yes"
"ROTH",78,"male","urban","premium","yes",0,0,0,0,0,"yes"
"GARCIA",40,"male","urban","premium","never",0,0,0,0,0,"yes"
"DELEON",45,"male","urban","free","never",3,3,0,0,0,"no"
"SINGLETON",17,"male","urban","free","never",0,3,0,0,0,"no"
"GARZA",85,"male","rural","free","never",6,6,0,0,130,"no"
"DELEON",38,"male","urban","premium","never",3,3,0,0,0,"yes"
"FREDERICK",77,"male","urban","premium","never",0,0,0,0,0,"yes"
"MATHEWS",64,"female","urban","free","never",0,0,0,0,0,"no"
"WITT",29,"female","urban","free","yes",0,0,0,0,0,"no"
"MONTGOMERY",33,"male","urban","free","never",5,5,0,0,0,"yes"
"ROACH",58,"female","urban","free","always",0,7,0,161,161,"yes"
"MORROW",19,"male","rural","free","yes",0,4,0,71,71,"yes"
"MORRISON",79,"female","urban","premium","yes",0,0,0,0,225,"yes"
"JIMENEZ",50,"female","urban","free","never",0,6,0,43,43,"no"
"WILLIAM",21,"female","urban","free","never",0,2,0,0,0,"no"
"MORTON",63,"female","urban","free","yes",0,0,0,0,0,"no"
"BLANKENSHIP",52,"male","urban","free","never",0,5,0,180,260,"yes"
"FINCH",57,"female","urban","free","never",0,10,0,0,0,"no"
"SHELTON",71,"female","rural","free","yes",0,4,0,98,98,"no"
"MOSES",28,"male","urban","free","yes",2,2,0,0,0,"yes"
"DALTON",63,"male","urban","premium","never",0,4,0,0,0,"yes"
"HAYNES",73,"female","urban","premium","yes",0,0,0,0,0,"yes"
"YOUNG",19,"female","urban","free","never",0,0,0,0,0,"no"
"CARDENAS",17,"male","urban","free","yes",0,0,0,0,0,"yes"
"PATE",54,"female","rural","free","yes",3,3,0,0,0,"no"
"SWEET",49,"male","urban","free","yes",0,0,0,0,0,"yes"
"CHERRY",53,"male","urban","premium","yes",0,0,0,0,0,"yes"
"WELLS",64,"female","urban","free","yes",0,0,0,0,99,"no"
"MURRAY",55,"female","urban","free","never",0,0,0,0,0,"no"
"MERCER",31,"female","rural","free","yes",0,0,0,0,0,"no"
"PUCKETT",54,"female","rural","free","never",0,0,0,0,0,"no"
"HYDE",48,"female","rural","free","never",0,0,0,0,0,"no"
"RAY",45,"male","urban","free","never",0,0,0,0,101,"no"
"CLEVELAND",32,"male","urban","free","never",0,5,0,0,0,"no"
"MERCADO",47,"female","urban","free","never",0,0,0,0,112,"no"
"CASTANEDA",81,"female","urban","premium","yes",0,8,0,0,109,"yes"
"WIGGINS",44,"male","urban","premium","never",0,0,0,0,172,"yes"
"GRIFFITH",23,"female","urban","free","never",0,4,0,0,0,"no"
"KNIGHT",59,"female","urban","free","never",0,0,0,0,0,"no"
"SWEENEY",50,"female","urban","free","yes",2,2,86,86,160,"yes"
"WALLS",53,"male","urban","premium","never",2,2,0,0,0,"yes"
"SCHMIDT",77,"male","urban","premium","never",0,0,0,0,0,"yes"
"CROSBY",48,"female","urban","free","yes",0,3,0,0,0,"no"
"CASTILLO",41,"female","urban","free","never",0,0,0,0,0,"no"
"HARPER",53,"female","urban","free","never",2,2,0,0,0,"no"
"NEAL",53,"male","urban","free","yes",0,3,0,0,0,"yes"
"POLLARD",26,"male","rural","free","never",18,18,124,124,124,"yes"
"HOPKINS",85,"male","urban","free","never",4,4,0,0,0,"no"
"CHANDLER",47,"male","urban","free","never",7,7,39,39,39,"yes"
"MYERS",34,"female","urban","free","never",6,6,0,0,0,"no"
"HUTCHINSON",46,"male","urban","premium","yes",0,0,0,0,0,"yes"
"ODOM",77,"male","urban","free","yes",0,0,0,0,0,"no"
"MERCADO",33,"male","urban","free","never",0,0,0,0,0,"no"
"REID",25,"female","urban","free","never",19,33,0,0,0,"yes"
"MCGUIRE",20,"male","urban","free","never",10,10,0,0,0,"yes"
"ROSS",45,"female","urban","free","never",4,4,0,0,0,"no"
"GLOVER",22,"male","urban","free","yes",0,5,0,0,0,"yes"
"SINGLETON",23,"female","rural","premium","never",0,2,0,2,2,"no"
"LAMB",55,"female","urban","premium","yes",0,3,0,0,0,"yes"
"DOMINGUEZ",41,"male","urban","free","never",0,0,0,0,0,"no"
"PATTERSON",22,"male","urban","free","never",0,0,0,0,96,"no"
"CABRERA",39,"male","urban","free","never",0,6,0,255,255,"yes"
"BALLARD",40,"female","urban","free","yes",0,0,0,0,0,"no"
"BOND",48,"male","urban","free","never",0,0,0,0,0,"no"
"CARPENTER",64,"male","urban","premium","never",0,0,0,0,0,"yes"
"MCCONNELL",66,"male","urban","premium","never",0,0,0,0,0,"yes"
"JARVIS",44,"male","urban","free","never",7,7,0,0,0,"yes"
"STOUT",34,"female","urban","free","yes",0,4,0,0,0,"no"
"SPARKS",47,"female","urban","free","never",1,1,0,0,176,"no"
"COMBS",24,"female","urban","free","yes",4,4,0,0,0,"yes"
"PUGH",34,"male","urban","premium","never",4,4,0,0,0,"yes"
"MCINTOSH",45,"male","rural","free","never",0,0,0,0,0,"no"
"RUSSO",49,"male","urban","premium","yes",0,0,0,0,151,"yes"
"FULLER",34,"female","urban","free","yes",0,0,0,0,0,"no"
"LINDSAY",56,"female","urban","free","yes",0,9,0,0,0,"no"
"GIBSON",75,"female","urban","free","never",19,19,39,39,39,"yes"
"MCINTYRE",44,"male","rural","premium","never",6,21,0,122,122,"yes"
"DEAN",58,"female","urban","free","never",0,0,0,0,0,"no"
"CAMACHO",43,"male","urban","free","yes",0,0,0,0,0,"yes"
"COOLEY",33,"female","urban","premium","never",6,6,0,0,0,"yes"
"ESTRADA",52,"male","urban","free","never",3,3,0,0,0,"no"
"MERRITT",19,"male","rural","free","yes",7,7,0,0,0,"yes"
"CROSBY",42,"female","urban","free","yes",25,25,145,145,145,"yes"
"POPE",43,"male","urban","free","never",0,0,0,0,0,"no"
"GILL",58,"female","urban","free","never",0,0,0,0,0,"no"
"WITT",82,"female","urban","premium","yes",0,2,0,0,0,"yes"
"COFFEY",77,"male","urban","premium","never",0,4,0,0,0,"yes"
"CHAVEZ",30,"female","urban","free","never",0,0,0,0,0,"no"
"HORTON",29,"male","urban","free","never",0,8,0,0,0,"no"
"MITCHELL",22,"male","urban","free","never",0,5,0,0,0,"no"
"RUSSELL",44,"female","urban","premium","yes",0,0,0,0,0,"yes"
"HARDY",54,"male","urban","free","yes",6,10,31,31,31,"yes"
"JOHNSTON",26,"female","urban","free","never",0,3,0,63,213,"no"
"HEBERT",48,"male","urban","premium","never",0,2,0,0,0,"yes"
"MCCARTY",38,"female","urban","premium","yes",2,19,89,89,89,"yes"
"ZIMMERMAN",18,"male","urban","premium","never",0,6,0,0,267,"yes"
"LONG",38,"female","urban","free","never",7,7,48,48,48,"yes"
"HEWITT",24,"female","rural","free","never",0,0,0,0,0,"no"
"MALDONADO",18,"male","urban","free","never",0,0,0,0,0,"no"
"SANFORD",73,"male","urban","free","yes",0,9,0,0,0,"yes"
"TYSON",43,"male","urban","free","never",0,0,0,0,342,"no"
"RANDALL",38,"male","urban","free","never",0,12,0,0,0,"yes"
"PETTY",33,"female","urban","premium","yes",0,5,0,0,0,"yes"
"COMPTON",68,"female","urban","premium","yes",0,5,0,0,0,"yes"
"BLANKENSHIP",29,"male","rural","free","yes",0,0,0,0,0,"no"
"FITZPATRICK",75,"male","rural","free","yes",0,0,0,0,0,"no"
"HENRY",51,"female","urban","free","never",0,4,0,0,0,"no"
"WILKINSON",91,"male","urban","free","never",0,4,0,0,0,"no"
"LOPEZ",30,"male","urban","free","yes",0,0,0,0,0,"yes"
"ESTRADA",46,"male","urban","free","never",0,0,0,0,0,"no"
"CARROLL",52,"male","urban","free","never",0,3,0,0,0,"no"
"MOON",17,"female","urban","premium","never",0,6,0,0,0,"yes"
"HUFFMAN",43,"male","rural","premium","never",0,0,0,0,0,"yes"
"PRATT",43,"female","urban","premium","never",0,0,0,0,0,"no"
"LANGLEY",39,"male","urban","free","never",2,2,0,0,0,"no"
"SCHROEDER",46,"male","urban","free","always",0,0,0,0,9,"no"
"TYLER",86,"male","urban","premium","yes",0,0,0,0,0,"yes"
"GARNER",24,"male","urban","free","never",0,0,0,0,0,"no"
"FERNANDEZ",74,"male","urban","free","never",5,5,78,78,263,"yes"
"WATSON",17,"female","urban","free","never",0,0,0,0,0,"no"
"COMPTON",40,"male","urban","free","never",0,0,0,0,67,"no"
"DANIEL",45,"female","urban","free","never",0,0,0,0,0,"no"
"GOOD",51,"male","urban","free","never",0,2,0,0,0,"no"
"NOEL",26,"male","urban","free","yes",0,0,0,0,0,"yes"
"LUCAS",29,"male","urban","premium","never",0,0,0,0,0,"yes"
"MORTON",57,"male","urban","free","never",0,0,0,0,0,"no"
"ONEIL",46,"male","urban","premium","never",0,3,0,0,0,"yes"
"GUTHRIE",45,"male","urban","free","yes",8,12,0,108,225,"yes"
"HERMAN",72,"male","urban","free","never",3,3,0,0,0,"no"
"OLIVER",27,"male","rural","premium","yes",0,0,0,0,0,"yes"
"JUSTICE",57,"female","urban","free","yes",5,21,69,69,69,"yes"
"VANG",47,"male","urban","free","never",0,2,0,0,0,"no"
"SHEPARD",30,"male","urban","free","never",16,16,0,0,0,"yes"
"FRANCO",28,"female","urban","free","always",0,3,0,0,0,"no"
"LYNCH",83,"female","urban","free","never",13,13,0,0,0,"yes"
"HENDRICKS",63,"female","urban","premium","never",0,0,0,0,0,"no"
"LANCASTER",31,"male","urban","free","never",2,2,120,120,120,"yes"
"GARRISON",55,"male","urban","free","never",0,0,0,0,52,"no"
"HOBBS",50,"female","urban","premium","yes",0,0,0,0,0,"yes"
"RUTLEDGE",27,"male","urban","free","always",6,6,0,0,0,"yes"
"PARRISH",21,"female","urban","free","never",0,12,0,0,0,"no"
"GRANT",69,"female","rural","free","never",0,0,0,0,0,"no"
"PITTS",83,"male","rural","free","yes",9,9,0,0,0,"yes"
"POTTER",65,"male","rural","free","yes",0,5,0,0,0,"no"
"MATHEWS",54,"male","urban","free","never",5,5,0,0,0,"yes"
"FLOYD",57,"female","urban","free","yes",2,14,0,106,106,"yes"
"COTTON",37,"male","urban","free","never",4,10,4,130,130,"yes"
"HORN",57,"female","rural","premium","yes",0,0,0,0,0,"yes"
"PRICE",32,"female","urban","premium","never",0,0,0,0,0,"yes"
"DUNCAN",48,"male","urban","free","never",0,0,0,0,0,"no"
"WALKER",68,"male","urban","premium","yes",0,1,0,234,234,"yes"
"GREEN",30,"male","urban","free","never",1,1,0,0,0,"no"
"NIELSEN",29,"male","urban","premium","yes",4,19,0,0,0,"yes"
"HARPER",59,"male","urban","free","never",11,11,0,0,0,"yes"
"HOUSTON",36,"female","urban","free","never",0,0,0,0,0,"no"
"JOHNS",60,"female","urban","premium","never",4,4,18,18,18,"yes"
"SAVAGE",28,"female","urban","free","yes",0,0,0,0,0,"no"
"FRANKLIN",39,"male","urban","free","never",9,9,39,39,39,"yes"
"HOGAN",46,"female","urban","premium","never",0,0,0,0,0,"no"
"KENNEDY",31,"male","rural","free","never",0,0,0,0,0,"no"
"BOWMAN",36,"male","rural","free","yes",0,8,0,0,0,"yes"
"PADILLA",35,"female","urban","free","yes",0,0,0,0,0,"no"
"GIBSON",60,"male","urban","free","yes",0,11,0,0,0,"yes"
"WORKMAN",82,"female","urban","premium","never",0,2,0,0,0,"no"
"HUNTER",84,"male","urban","premium","never",0,0,0,0,0,"yes"
"SANDOVAL",61,"female","urban","free","never",0,0,0,0,0,"no"
"LEON",42,"male","urban","free","never",10,10,0,0,0,"yes"
"HUFFMAN",52,"female","urban","free","never",0,0,0,0,0,"no"
"NUNEZ",32,"female","urban","free","never",0,0,0,0,0,"no"
"STAFFORD",60,"male","urban","free","never",2,2,0,0,0,"no"
"BUCKNER",46,"male","urban","free","never",0,0,0,0,0,"no"
"SCHULTZ",38,"female","urban","free","never",0,7,0,0,0,"no"
"PAYNE",19,"male","urban","free","yes",0,0,0,0,56,"yes"
"GENTRY",40,"female","rural","free","never",0,2,0,183,183,"no"
"STEPHENS",39,"male","urban","free","never",0,0,0,0,0,"no"
"BLACKBURN",18,"male","urban","free","always",0,3,0,299,299,"yes"
"MULLEN",42,"male","urban","free","yes",0,0,0,0,0,"yes"
"HARRIS",20,"female","urban","free","yes",7,7,72,72,72,"yes"
"SOTO",33,"male","urban","free","never",0,0,0,0,0,"no"
"CHAMBERS",68,"female","urban","free","always",0,0,0,0,0,"no"
"WHITFIELD",24,"female","urban","free","never",3,3,0,0,0,"no"
"REEVES",29,"female","rural","free","never",0,3,0,0,0,"no"
"VARGAS",21,"female","urban","free","yes",0,6,0,0,0,"yes"
"WILEY",82,"male","urban","free","never",3,3,0,0,0,"no"
"WOODS",21,"male","urban","free","never",0,0,0,0,162,"no"
"CHRISTIAN",29,"male","urban","free","never",0,1,0,57,57,"no"
"POTTS",72,"female","urban","free","never",4,4,0,0,0,"no"
"HUTCHINSON",49,"male","urban","free","never",0,0,0,0,0,"no"
"CARTER",37,"male","urban","free","never",0,1,0,0,56,"no"
"ATKINSON",42,"female","urban","premium","never",0,5,0,140,140,"yes"
"MOORE",60,"female","urban","free","never",0,0,0,0,0,"no"
"BOWERS",72,"male","urban","free","never",0,0,0,0,0,"no"
"ROSALES",53,"male","urban","free","yes",0,0,0,0,28,"yes"
"MICHAEL",37,"male","urban","premium","yes",4,4,0,0,0,"yes"
"RANDALL",90,"female","urban","free","never",0,2,0,35,35,"no"
"MORGAN",48,"male","urban","free","never",0,0,0,0,76,"no"
"COLLINS",41,"female","urban","free","never",0,7,0,0,0,"no"
"MONTGOMERY",29,"female","urban","free","yes",0,5,0,0,0,"no"
"FULTON",37,"female","rural","free","never",0,0,0,0,0,"no"
"PRESTON",68,"male","urban","free","always",0,9,0,0,0,"no"
"NICHOLS",33,"female","urban","premium","always",7,7,0,0,0,"yes"
"JUAREZ",46,"female","urban","premium","never",0,7,0,0,0,"yes"
"BRADLEY",45,"female","rural","free","never",0,0,0,0,126,"no"
"SHAW",59,"male","urban","free","never",0,5,0,0,0,"no"
"LLOYD",54,"male","urban","free","never",0,8,0,0,204,"yes"
"BAIRD",21,"female","urban","free","never",0,2,0,0,0,"no"
"DAVID",47,"male","rural","free","yes",0,0,0,0,0,"no"
"SCHROEDER",62,"male","urban","free","yes",6,8,0,0,0,"yes"
"STRONG",23,"male","rural","free","always",0,0,0,0,0,"no"
"MCMAHON",81,"male","urban","free","never",0,12,0,0,0,"no"
"FROST",23,"male","urban","free","never",0,0,0,0,0,"no"
"SWEET",17,"female","urban","premium","never",0,0,0,0,0,"yes"
"BARNES",64,"female","rural","free","never",0,0,0,0,0,"no"
"RUTLEDGE",73,"male","rural","premium","always",0,0,0,0,0,"no"
"CHANDLER",29,"female","rural","free","yes",0,6,0,120,120,"yes"
"PHILLIPS",62,"female","urban","free","never",0,3,0,0,0,"no"
"LARSON",39,"male","urban","free","yes",2,2,0,0,219,"yes"
"HERNANDEZ",42,"male","urban","free","never",0,0,0,0,0,"no"
"WILLIS",47,"female","urban","free","never",0,6,0,0,0,"no"
"CRANE",33,"female","urban","premium","never",0,0,0,0,0,"yes"
"BANKS",57,"male","urban","free","yes",7,7,0,0,0,"yes"
"GARRETT",32,"female","urban","free","yes",0,0,0,0,0,"no"
"CORTEZ",38,"female","urban","free","never",0,0,0,0,0,"no"
"LEVY",20,"female","urban","free","never",0,1,0,0,0,"no"
"MCINTOSH",45,"female","urban","premium","yes",0,0,0,0,0,"yes"
"RIGGS",66,"male","urban","free","never",0,0,0,0,0,"no"
"MACIAS",68,"female","rural","premium","yes",0,0,0,0,0,"yes"
"WATTS",88,"male","urban","free","never",0,0,0,0,0,"no"
"BRIGHT",23,"female","urban","free","never",0,0,0,0,0,"no"
"BAXTER",24,"female","urban","free","never",3,3,0,0,0,"no"
"SLOAN",63,"male","rural","free","yes",0,6,0,0,0,"no"
"GARDNER",34,"male","urban","free","never",0,4,0,0,0,"no"
"GRIFFIN",20,"female","rural","premium","never",0,5,0,0,0,"no"
"CHAN",29,"female","rural","premium","yes",0,0,0,0,0,"yes"
"GOMEZ",54,"female","urban","free","never",0,0,0,0,0,"no"
"GARRETT",35,"male","urban","free","never",0,0,0,0,0,"no"
"MORALES",43,"male","rural","free","never",0,0,0,0,0,"no"
"CARR",48,"male","urban","free","never",0,0,0,0,0,"no"
"MERRILL",75,"male","rural","free","yes",0,3,0,0,0,"no"
"RUSH",60,"male","urban","free","yes",0,8,0,0,0,"yes"
"HOLLOWAY",46,"female","urban","free","never",0,0,0,0,0,"no"
"SHEPPARD",24,"male","urban","free","never",0,0,0,0,0,"no"
"HALE",46,"male","rural","free","never",0,0,0,0,0,"no"
"WALSH",42,"male","urban","free","never",0,0,0,0,0,"no"
"HARRINGTON",19,"female","urban","free","never",0,2,0,0,0,"no"
"AUSTIN",24,"male","urban","free","never",0,0,0,0,0,"no"
"SPENCE",35,"male","urban","free","never",0,4,0,0,0,"no"
"NICHOLSON",42,"female","rural","premium","yes",0,1,0,0,0,"yes"
"CURTIS",31,"male","urban","free","never",6,6,46,46,46,"yes"
"SLOAN",41,"male","urban","free","never",0,12,0,122,122,"yes"
"BLACKWELL",58,"female","urban","premium","never",0,0,0,0,211,"yes"
"RUSSO",68,"female","urban","free","never",1,1,0,0,0,"no"
"KANE",40,"male","rural","free","yes",0,2,0,0,0,"no"
"GILLIAM",49,"female","rural","premium","never",0,0,0,0,52,"no"
"TURNER",36,"male","urban","free","yes",0,4,0,0,0,"yes"
"STEIN",68,"male","urban","free","yes",0,0,0,0,54,"yes"
"BOOKER",72,"male","urban","premium","never",0,0,0,0,0,"yes"
"SANDOVAL",84,"female","urban","free","never",0,0,0,0,7,"no"
"HUNT",41,"male","urban","free","yes",14,14,0,0,0,"yes"
"MCKINNEY",72,"female","urban","free","never",5,5,0,0,0,"no"
"POWELL",52,"male","urban","free","never",0,0,0,0,46,"no"
"BEST",64,"female","urban","free","yes",0,0,0,0,0,"no"
"TYLER",35,"male","urban","free","never",0,0,0,0,0,"no"
"MOODY",31,"female","urban","premium","never",11,11,0,0,49,"yes"
"STOKES",36,"male","rural","free","never",0,0,0,0,0,"no"
"HODGES",43,"female","rural","free","yes",0,0,0,0,0,"no"
"DUNN",33,"male","rural","free","yes",0,0,0,0,0,"no"
"GLASS",58,"male","urban","free","never",0,3,0,68,68,"yes"
"WILLIAM",35,"female","rural","premium","yes",5,27,0,0,0,"yes"
"CONTRERAS",79,"male","urban","free","yes",0,1,0,0,0,"yes"
"KEY",53,"male","urban","free","never",0,0,0,0,33,"no"
"JAMES",38,"female","rural","free","yes",0,6,0,73,73,"no"
"GATES",63,"male","urban","free","yes",0,3,0,0,0,"yes"
"DONOVAN",30,"female","urban","premium","never",0,0,0,0,0,"yes"
"GRAY",26,"female","urban","free","never",0,0,0,0,0,"no"
"WALTON",86,"male","rural","premium","never",0,0,0,0,0,"no"
"DEAN",40,"female","urban","free","yes",3,3,0,0,0,"yes"
"FARLEY",64,"female","urban","free","yes",0,0,0,0,0,"no"
"COLLIER",70,"female","urban","free","yes",0,0,0,0,0,"no"
"BEACH",27,"male","urban","free","yes",0,7,0,203,203,"yes"
"MAYO",20,"female","urban","free","never",12,19,0,0,0,"yes"
"DURHAM",36,"male","urban","premium","never",0,0,0,0,0,"yes"
"MULLEN",33,"male","urban","free","never",0,0,0,0,0,"no"
"JOYCE",71,"female","urban","free","never",0,3,0,104,104,"no"
"WEBB",39,"female","urban","free","yes",0,0,0,0,0,"no"
"ODOM",41,"female","urban","free","yes",0,8,0,0,424,"yes"
"LONG",41,"female","urban","free","never",0,12,0,0,0,"no"
"TURNER",69,"female","urban","premium","never",0,0,0,0,0,"no"
"ROBBINS",17,"female","rural","free","always",0,0,0,0,0,"no"
"BARLOW",19,"female","urban","free","never",0,0,0,0,0,"no"
"PENA",54,"female","urban","free","yes",3,3,54,54,54,"yes"
"GUY",51,"female","urban","free","never",0,0,0,0,0,"no"
"LAMB",41,"female","urban","premium","never",8,8,0,0,48,"yes"
"HARRINGTON",41,"female","urban","free","never",0,0,0,0,0,"no"
"RIVAS",50,"male","urban","free","never",0,0,0,0,0,"no"
"HOLLAND",47,"male","urban","premium","never",0,0,0,0,0,"yes"
"HOOD",25,"female","urban","free","yes",0,0,0,0,0,"no"
"SANDERS",22,"female","rural","free","yes",4,4,0,0,0,"no"
"LARSEN",54,"male","urban","free","yes",1,1,0,0,0,"yes"
"NEWTON",19,"male","urban","free","never",0,0,0,0,0,"no"
"OWENS",34,"female","urban","free","never",0,0,0,0,0,"no"
"GUTHRIE",22,"male","urban","free","yes",18,18,0,0,0,"yes"
"GRIMES",40,"female","urban","premium","yes",0,0,0,0,0,"yes"
"MARKS",56,"male","urban","free","always",0,0,0,0,0,"no"
"SUAREZ",53,"male","urban","free","never",0,2,0,0,0,"no"
"REID",33,"male","urban","free","always",0,0,0,0,0,"no"
"HENDERSON",33,"female","urban","free","never",0,6,0,0,0,"no"
"MCCOY",60,"female","urban","premium","yes",0,0,0,0,0,"yes"
"JOHNSTON",40,"male","rural","free","yes",0,0,0,0,0,"no"
"MCCARTY",40,"male","urban","free","never",3,3,87,87,87,"yes"
"COOKE",22,"male","urban","free","never",2,2,0,0,0,"no"
"LOWE",18,"female","urban","free","yes",13,13,0,0,0,"yes"
"MONROE",64,"female","rural","free","never",0,0,0,0,0,"no"
"LANCASTER",26,"female","urban","free","never",0,2,0,0,0,"no"
"KEY",78,"male","urban","free","yes",12,20,0,53,53,"yes"
"MCCORMICK",43,"male","urban","free","yes",0,4,0,0,0,"yes"
"MATTHEWS",81,"female","urban","free","never",0,0,0,0,0,"no"
"YORK",33,"male","urban","free","yes",0,0,0,0,0,"yes"
"MORRIS",71,"male","rural","free","never",0,1,0,112,112,"no"
"ONEILL",30,"female","urban","free","never",0,3,0,0,0,"no"
"NOLAN",21,"male","urban","free","yes",0,0,0,0,0,"yes"
"GILBERT",17,"female","urban","free","yes",0,0,0,0,0,"no"
"OWEN",37,"male","urban","premium","never",0,0,0,0,0,"yes"
"BARBER",22,"female","urban","free","never",3,3,0,0,0,"no"
"REYNOLDS",50,"female","urban","premium","never",0,0,0,0,0,"no"
"BARNES",83,"male","urban","free","never",0,0,0,0,0,"no"
"GILL",37,"female","rural","premium","never",0,12,0,267,267,"yes"
"BERGER",41,"male","urban","premium","yes",0,0,0,0,0,"yes"
"MORGAN",57,"male","urban","free","never",0,5,0,0,0,"no"
"BENTLEY",39,"male","rural","free","yes",2,2,0,0,0,"yes"
"UNDERWOOD",72,"female","urban","free","always",0,0,0,0,0,"no"
"RANDOLPH",79,"male","rural","free","never",0,0,0,0,0,"no"
"HOGAN",31,"female","urban","free","never",0,2,0,20,20,"no"
"GALLOWAY",49,"female","urban","free","never",0,3,0,52,52,"no"
"ADAMS",62,"male","rural","free","yes",0,0,0,0,0,"no"
"MACDONALD",90,"female","rural","free","never",0,0,0,0,0,"no"
"ZAMORA",42,"female","urban","free","yes",0,0,0,0,0,"no"
"CUNNINGHAM",48,"male","urban","free","never",0,0,0,0,0,"no"
"CANNON",61,"female","urban","free","yes",0,0,0,0,0,"no"
"NELSON",23,"female","rural","free","never",7,7,0,0,0,"no"
"BATES",52,"female","urban","free","never",0,0,0,0,0,"no"
"MCNEIL",32,"male","urban","premium","never",0,8,0,0,0,"yes"
"SALINAS",21,"male","rural","free","never",0,0,0,0,0,"no"
"ROBLES",17,"male","urban","premium","never",0,0,0,0,0,"yes"
"SHAFFER",55,"male","urban","free","never",0,0,0,0,0,"no"
"WEBER",59,"female","urban","free","yes",0,0,0,0,0,"no"
"JIMENEZ",20,"male","urban","free","never",0,0,0,0,0,"no"
"NEWTON",35,"male","urban","free","yes",0,0,0,0,0,"yes"
"BAKER",24,"female","urban","premium","yes",0,0,0,0,0,"yes"
"HERMAN",40,"female","urban","free","never",0,2,0,0,0,"no"
"FARMER",31,"male","rural","free","yes",0,0,0,0,0,"no"
"RODRIQUEZ",20,"female","rural","free","never",0,4,0,0,166,"no"
"MAYS",43,"female","urban","free","never",0,0,0,0,0,"no"
"CHAPMAN",19,"male","urban","free","yes",0,5,0,85,85,"yes"
"WINTERS",26,"male","urban","premium","yes",0,1,0,384,384,"yes"
"MARSHALL",38,"male","urban","free","always",1,1,0,0,243,"no"
"HENDERSON",43,"male","urban","free","never",0,0,0,0,0,"no"
"FORD",19,"male","urban","premium","never",0,0,0,0,176,"yes"
"HENDERSON",52,"female","urban","free","never",0,8,0,0,0,"no"
"SNOW",80,"male","urban","premium","yes",0,0,0,0,0,"yes"
"WATKINS",30,"male","rural","free","never",0,9,0,0,0,"no"
"BARKER",56,"male","urban","free","never",0,0,0,0,0,"no"
"HOGAN",64,"male","rural","free","never",0,0,0,0,0,"no"
"HESS",82,"male","rural","free","yes",0,0,0,0,93,"no"
"GILLESPIE",42,"male","urban","free","always",0,0,0,0,160,"no"
"TUCKER",34,"female","urban","free","never",0,0,0,0,62,"no"
"GRIFFIN",48,"female","urban","free","never",0,3,0,0,0,"no"
"RAMSEY",46,"male","rural","free","yes",0,0,0,0,0,"no"
"PERKINS",80,"male","urban","free","never",0,11,0,0,0,"no"
"BARRETT",32,"female","urban","free","yes",0,6,0,0,0,"no"
"SCHROEDER",44,"male","rural","free","never",0,0,0,0,0,"no"
"HUFF",60,"male","rural","free","never",8,22,0,233,233,"yes"
"GALLAGHER",49,"male","rural","free","never",0,0,0,0,0,"no"
"SIMMONS",27,"male","urban","free","yes",0,1,0,0,0,"yes"
"THOMPSON",27,"male","urban","free","never",14,14,198,198,198,"yes"
"BURRIS",24,"male","urban","free","yes",0,0,0,0,0,"yes"
"REYNOLDS",81,"female","urban","free","never",0,5,0,26,26,"no"
"GOODWIN",36,"female","urban","free","never",11,11,0,0,0,"yes"
"ELLIS",66,"female","urban","free","yes",0,5,0,0,0,"no"
"WOODARD",56,"female","urban","premium","always",7,7,0,0,188,"yes"
"GALLOWAY",64,"female","urban","free","never",0,0,0,0,0,"no"
"CHAMBERS",43,"male","urban","free","never",0,0,0,0,0,"no"
"HENDRICKS",29,"female","urban","free","never",0,2,0,0,0,"no"
"ZIMMERMAN",63,"male","urban","free","yes",8,8,0,0,0,"yes"
"ERICKSON",81,"male","urban","free","never",0,0,0,0,0,"no"
"BENDER",50,"female","urban","free","never",0,0,0,0,0,"no"
"PECK",72,"female","urban","premium","never",0,0,0,0,155,"yes"
"LOVE",61,"male","urban","premium","never",0,0,0,0,0,"yes"
"LAMBERT",39,"female","urban","premium","never",0,0,0,0,0,"yes"
"FROST",50,"female","urban","free","never",0,2,0,0,0,"no"
"GARZA",52,"male","urban","free","never",3,4,0,0,0,"no"
"BUCKNER",76,"male","urban","free","always",0,0,0,0,0,"no"
"WINTERS",66,"female","urban","free","never",0,5,0,0,0,"no"
"DIAZ",39,"female","urban","premium","never",0,0,0,0,182,"yes"
"DAVIS",52,"male","rural","free","never",0,10,0,0,0,"no"
"VAUGHN",63,"female","urban","free","never",0,10,0,0,0,"no"
"ROMAN",67,"male","urban","free","never",0,4,0,62,62,"no"
"COMPTON",53,"male","urban","free","never",0,0,0,0,0,"no"
"TURNER",31,"male","urban","premium","never",1,1,0,0,0,"yes"
"ANDREWS",24,"female","urban","free","never",0,0,0,0,0,"no"
"HAYS",28,"female","urban","premium","never",0,0,0,0,0,"yes"
"PADILLA",25,"male","urban","free","never",0,0,0,0,0,"no"
"WIGGINS",30,"male","urban","premium","yes",0,2,0,0,0,"yes"
"ROTH",17,"female","urban","free","never",3,3,0,0,0,"no"
"ESPINOZA",48,"male","rural","free","yes",0,0,0,0,0,"no"
"BLACK",91,"female","urban","premium","never",0,0,0,0,0,"no"
"CARVER",46,"female","urban","free","never",12,12,0,0,0,"yes"
"NORMAN",73,"male","urban","free","yes",10,10,0,0,0,"yes"
"MULLEN",35,"male","urban","free","never",0,0,0,0,0,"no"
"MCKEE",27,"female","urban","premium","yes",0,5,0,76,76,"yes"
"FROST",37,"female","urban","premium","yes",0,0,0,0,125,"yes"
"MARSH",56,"male","urban","premium","always",0,0,0,0,0,"yes"
"EWING",54,"male","urban","premium","never",0,0,0,0,0,"yes"
"AYALA",59,"female","rural","premium","never",0,5,0,0,0,"no"
"MERRITT",55,"male","rural","premium","never",5,5,28,28,82,"yes"
"WITT",87,"female","rural","free","yes",0,0,0,0,0,"no"
"BOONE",19,"female","urban","free","never",2,2,0,0,0,"no"
"RAMOS",18,"male","urban","free","never",0,6,0,44,179,"yes"
"RICH",39,"male","urban","free","yes",0,2,0,33,40,"yes"
"BEARD",19,"female","urban","premium","yes",0,0,0,0,0,"yes"
"RASMUSSEN",31,"male","urban","premium","always",0,6,0,0,0,"yes"
"CHANEY",43,"female","rural","free","never",0,0,0,0,0,"no"
"OWENS",32,"female","urban","free","always",0,0,0,0,0,"no"
"ROMERO",30,"female","urban","free","never",0,0,0,0,0,"no"
"WELLS",50,"female","urban","free","yes",0,3,0,0,0,"no"
"BEAN",37,"male","urban","free","never",0,5,0,0,0,"no"
"WYNN",43,"male","urban","free","never",0,0,0,0,0,"no"
"BRUCE",36,"male","urban","free","never",0,8,0,198,214,"yes"
"ADKINS",49,"female","rural","free","never",8,14,0,144,144,"yes"
"HUFFMAN",21,"female","rural","free","never",0,0,0,0,0,"no"
"COMPTON",25,"male","urban","free","never",0,6,0,138,138,"yes"
"GREER",39,"female","urban","free","never",0,14,0,162,162,"yes"
"EVERETT",53,"male","urban","free","always",3,3,33,33,33,"yes"
"FRY",22,"male","rural","free","never",7,7,0,0,0,"yes"
"MARTIN",39,"male","urban","premium","never",3,10,0,0,0,"yes"
"NGUYEN",59,"female","urban","free","never",0,2,0,74,74,"no"
"HAYNES",30,"female","urban","free","never",3,7,0,0,0,"no"
"DODSON",41,"female","urban","free","never",0,5,0,0,0,"no"
"BOND",60,"female","urban","premium","always",11,30,25,25,25,"yes"
"MERCADO",71,"male","urban","free","yes",0,0,0,0,0,"no"
"ROWE",42,"male","urban","premium","yes",0,0,0,0,0,"yes"
"HARDY",61,"female","urban","free","never",8,8,0,0,0,"yes"
"LEBLANC",46,"male","urban","free","yes",0,3,0,72,72,"yes"
"DOUGLAS",70,"female","rural","free","never",4,4,0,0,0,"no"
"RASMUSSEN",42,"male","urban","free","never",0,0,0,0,0,"no"
"EATON",37,"male","urban","free","never",0,0,0,0,0,"no"
"RICH",74,"male","urban","free","yes",0,1,0,0,0,"yes"
"NICHOLSON",25,"male","urban","free","never",0,0,0,0,0,"no"
"MCLEOD",39,"female","rural","free","never",0,0,0,0,0,"no"
"PENA",67,"female","urban","premium","never",12,12,0,0,0,"yes"
"MILES",46,"female","urban","free","never",0,0,0,0,0,"no"
"GREENE",19,"female","rural","free","yes",0,0,0,0,0,"no"
"SPENCE",18,"male","urban","free","never",1,1,0,0,0,"no"
"PALMER",48,"male","urban","free","never",0,10,0,0,0,"no"
"TUCKER",33,"male","urban","free","never",4,4,0,0,0,"yes"
"ACOSTA",66,"female","rural","free","never",11,11,0,0,0,"yes"
"LANGLEY",29,"male","urban","free","never",0,0,0,0,0,"no"
"WILDER",73,"female","urban","free","yes",10,10,0,0,0,"yes"
"LESTER",26,"female","urban","premium","yes",0,7,0,0,0,"yes"
"LEACH",20,"female","urban","free","yes",0,5,0,0,0,"no"
"HODGE",35,"male","urban","free","yes",0,0,0,0,0,"yes"
"KIRKLAND",73,"male","rural","premium","never",0,8,0,0,0,"yes"
"RIVAS",45,"male","rural","free","yes",0,0,0,0,0,"no"
"NELSON",37,"male","rural","free","never",0,0,0,0,0,"no"
"HARDIN",26,"male","urban","free","never",0,0,0,0,0,"no"
"CUNNINGHAM",22,"male","urban","premium","never",5,5,0,0,0,"yes"
"BECK",45,"male","rural","free","never",0,0,0,0,135,"no"
"HUMPHREY",59,"male","urban","premium","yes",0,1,0,0,0,"yes"
"GLENN",26,"female","urban","premium","never",0,0,0,0,158,"yes"
"GUTHRIE",58,"male","urban","free","never",0,2,0,0,0,"no"
"DICKERSON",43,"female","urban","premium","yes",1,1,0,0,0,"yes"
"LOTT",50,"male","urban","free","yes",0,3,0,20,20,"yes"
"PALMER",59,"male","urban","free","yes",0,0,0,0,0,"yes"
"GARZA",60,"male","urban","free","never",1,5,0,0,0,"no"
"PACE",89,"female","rural","free","never",0,0,0,0,0,"no"
"DURAN",53,"male","urban","free","never",0,0,0,0,109,"no"
"BEASLEY",51,"female","urban","free","always",0,6,0,0,0,"no"
"MERRILL",65,"male","rural","free","yes",0,0,0,0,0,"no"
"ROBERSON",47,"female","urban","free","never",7,7,0,0,0,"yes"
"WALTER",26,"male","rural","free","never",0,3,0,0,0,"no"
"UNDERWOOD",41,"female","urban","free","always",0,0,0,0,0,"no"
"MCGEE",50,"male","urban","free","never",7,10,0,0,0,"yes"
"SCHWARTZ",32,"female","urban","premium","never",0,0,0,0,0,"yes"
"SAVAGE",38,"male","urban","free","never",13,13,0,0,0,"yes"
"FOSTER",60,"female","urban","free","never",0,0,0,0,0,"no"
"HOUSTON",43,"female","urban","free","never",2,2,0,0,519,"no"
"BOYD",74,"male","urban","free","yes",0,0,0,0,0,"no"
"BOND",46,"female","urban","free","yes",0,4,0,326,326,"yes"
"COLON",33,"male","urban","free","never",2,2,263,263,263,"yes"
"LOVE",33,"male","urban","premium","never",3,3,0,0,0,"yes"
"GARCIA",77,"female","urban","free","never",4,35,0,0,0,"yes"
"HUNT",40,"female","urban","free","yes",0,7,0,0,0,"no"
"ELLIOTT",28,"male","urban","free","never",0,5,0,0,0,"no"
"RANDOLPH",72,"male","urban","free","never",0,0,0,0,73,"no"
"NORMAN",49,"male","urban","free","never",9,9,20,20,20,"yes"
"AVERY",88,"female","urban","free","yes",0,0,0,0,0,"no"
"BENTLEY",29,"female","urban","free","yes",0,0,0,0,0,"no"
"BURRIS",30,"female","urban","free","never",0,0,0,0,21,"no"
"MORSE",65,"male","urban","free","yes",7,7,0,0,0,"yes"
"MITCHELL",50,"female","rural","free","never",0,0,0,0,30,"no"
"MCDONALD",34,"male","rural","free","never",0,0,0,0,0,"no"
"HALEY",18,"male","urban","free","yes",0,4,0,0,165,"yes"
"PAYNE",75,"female","urban","free","yes",0,0,0,0,0,"no"
"FLORES",73,"male","rural","free","never",0,3,0,0,120,"no"
"LEWIS",45,"female","urban","free","never",0,1,0,0,0,"no"
"BOWERS",28,"male","rural","free","never",0,0,0,0,0,"no"
"CLINE",22,"female","urban","free","yes",0,0,0,0,0,"no"
"HOOPER",38,"female","urban","premium","never",0,0,0,0,0,"yes"
"TRUJILLO",51,"male","rural","free","yes",0,0,0,0,0,"no"
"GREGORY",32,"male","urban","free","yes",1,1,0,0,0,"yes"
"BRITT",34,"male","urban","premium","never",0,0,0,0,0,"yes"
"FERRELL",69,"female","urban","free","never",3,13,0,0,0,"no"
"HAYES",54,"male","urban","free","yes",0,0,0,0,0,"yes"
"PALMER",38,"female","urban","free","yes",0,7,0,0,60,"yes"
"BARR",65,"male","rural","free","always",0,0,0,0,0,"no"
"HARVEY",72,"female","urban","free","never",0,0,0,0,57,"no"
"GARDNER",41,"male","urban","free","never",3,3,47,47,47,"yes"
"STEIN",74,"female","urban","free","never",0,0,0,0,0,"no"
"CRUZ",58,"male","urban","free","never",0,2,0,33,33,"no"
"HARDY",72,"male","urban","free","never",0,0,0,0,0,"no"
"GILMORE",42,"female","urban","free","never",0,4,0,238,238,"yes"
"MCDANIEL",55,"male","urban","free","always",10,10,0,0,0,"yes"
"ONEIL",30,"male","urban","free","never",0,5,0,0,0,"no"
"SANTANA",48,"female","urban","free","never",0,0,0,0,0,"no"
"HENDRICKS",21,"male","urban","free","never",0,2,0,0,0,"no"
"NOLAN",48,"male","urban","free","never",0,0,0,0,106,"no"
"WIGGINS",40,"male","urban","premium","never",0,0,0,0,32,"yes"
"DIAZ",34,"female","urban","free","never",0,1,0,0,0,"no"
"DUKE",45,"male","urban","free","never",0,0,0,0,0,"no"
"MARSH",50,"male","rural","premium","never",0,0,0,0,0,"yes"
"BOOTH",53,"male","rural","premium","never",0,0,0,0,0,"yes"
"WOLF",41,"male","urban","free","yes",0,0,0,0,0,"yes"
"WRIGHT",43,"male","urban","free","yes",0,0,0,0,0,"yes"
"COHEN",51,"male","urban","premium","never",1,1,0,0,0,"yes"
"HERMAN",48,"male","rural","premium","never",12,12,0,0,0,"yes"
"SANDOVAL",90,"male","urban","free","never",0,0,0,0,0,"no"
"JARVIS",44,"male","urban","premium","never",0,11,0,48,144,"yes"
"HINES",28,"female","urban","free","never",0,0,0,0,0,"no"
"BYRD",26,"male","rural","free","never",0,4,0,56,56,"no"
"BARRON",39,"male","urban","free","yes",0,3,0,0,0,"yes"
"DAVENPORT",30,"male","urban","free","yes",0,0,0,0,0,"yes"
"ROY",31,"male","urban","free","never",0,0,0,0,0,"no"
"MATHIS",37,"female","rural","free","never",0,0,0,0,0,"no"
"VEGA",54,"male","urban","free","never",0,2,0,0,0,"no"
"PRATT",24,"male","urban","free","yes",0,1,0,0,0,"yes"
"FLOWERS",83,"female","urban","free","yes",3,5,129,129,129,"yes"
"EDWARDS",45,"male","rural","free","always",0,0,0,0,224,"no"
"MCGEE",70,"male","urban","free","never",10,10,0,0,0,"yes"
"BLAIR",72,"female","urban","free","never",3,3,0,0,0,"no"
"HOWARD",68,"male","urban","premium","yes",0,3,0,0,0,"yes"
"ROSARIO",60,"female","urban","free","yes",0,3,0,55,59,"yes"
"COOPER",29,"male","urban","premium","never",0,0,0,0,121,"yes"
"WILKINSON",71,"male","urban","premium","never",1,1,58,58,58,"yes"
"DILLARD",79,"male","rural","free","yes",0,0,0,0,0,"no"
"FERRELL",25,"male","urban","free","never",0,0,0,0,0,"no"
"ODONNELL",22,"female","urban","free","never",13,13,0,0,0,"yes"
"DELEON",36,"female","urban","free","yes",0,2,0,30,30,"no"
"PUGH",48,"female","urban","free","never",0,5,0,0,0,"no"
"TREVINO",61,"male","rural","premium","never",6,6,0,0,0,"yes"
"VELAZQUEZ",75,"male","urban","free","never",0,0,0,0,0,"no"
"GILES",23,"male","urban","free","never",0,0,0,0,0,"no"
"GILLESPIE",79,"female","urban","free","never",0,0,0,0,246,"no"
"HOWARD",36,"male","urban","free","never",0,0,0,0,0,"no"
"GARNER",59,"female","urban","premium","never",14,14,0,0,0,"yes"
"FAULKNER",70,"female","urban","free","yes",0,0,0,0,0,"no"
"KEY",48,"female","urban","free","never",0,1,0,0,0,"no"
"PENA",19,"male","rural","free","never",4,4,0,0,0,"no"
"ENGLAND",31,"male","urban","free","never",0,0,0,0,0,"no"
"WATSON",56,"male","urban","free","never",0,2,0,0,0,"no"
"SWANSON",82,"female","rural","free","never",0,0,0,0,0,"no"
"WALTER",62,"female","rural","free","never",0,12,0,0,0,"no"
"ROBERTSON",17,"male","urban","free","yes",0,9,0,0,0,"yes"
"VALENTINE",23,"male","rural","premium","yes",0,3,0,0,0,"yes"
"KIRKLAND",20,"female","urban","premium","yes",0,0,0,0,0,"yes"
"MANN",34,"male","rural","premium","yes",0,7,0,0,0,"yes"
"HURLEY",24,"female","urban","free","never",0,8,0,0,0,"no"
"LOVE",41,"male","rural","free","never",0,8,0,0,123,"no"
"WRIGHT",73,"female","urban","premium","yes",2,2,73,73,73,"yes"
"AGUIRRE",71,"male","urban","free","yes",0,0,0,0,0,"no"
"SULLIVAN",64,"male","rural","premium","never",0,4,0,0,0,"yes"
"LESTER",66,"female","urban","free","never",4,4,0,0,0,"no"
"BEASLEY",55,"female","urban","free","yes",11,11,0,0,0,"yes"
"WALTON",48,"male","rural","premium","yes",0,0,0,0,0,"yes"
"MOONEY",36,"male","urban","free","never",0,11,0,0,0,"yes"
"BARKER",63,"male","urban","free","yes",0,0,0,0,0,"yes"
"WALLER",35,"male","urban","free","yes",0,0,0,0,0,"yes"
"MENDEZ",74,"male","rural","free","never",8,8,0,0,0,"yes"
"RYAN",91,"male","urban","premium","yes",0,0,0,0,0,"yes"
"CLAYTON",22,"male","urban","free","never",0,0,0,0,0,"no"
"DALTON",60,"male","urban","free","never",0,4,0,151,261,"yes"
"CROSS",43,"male","urban","free","yes",0,1,0,0,0,"yes"
"MORAN",41,"male","urban","free","never",1,1,0,0,0,"no"
"YANG",86,"male","urban","free","never",0,8,0,0,0,"no"
"CHEN",63,"male","urban","free","never",0,4,0,0,0,"no"
"HANEY",24,"male","urban","free","never",4,4,0,0,195,"yes"
"WILKINSON",46,"female","urban","free","never",7,18,142,142,142,"yes"
"HARRISON",89,"female","urban","free","yes",0,4,0,0,0,"no"
"CHRISTENSEN",62,"male","urban","free","never",0,0,0,0,0,"no"
"WHITFIELD",61,"female","urban","free","yes",0,0,0,0,0,"no"
"DANIELS",41,"male","urban","free","never",7,7,2,2,2,"yes"
"STONE",37,"male","urban","free","never",0,0,0,0,0,"no"
"SHAW",50,"male","urban","free","never",0,0,0,0,0,"no"
"MADDOX",74,"male","rural","premium","yes",0,0,0,0,0,"yes"
"WYNN",76,"female","urban","free","never",0,0,0,0,0,"no"
"RUSSELL",61,"male","urban","free","never",0,0,0,0,0,"no"
"PECK",27,"male","urban","free","yes",8,36,0,0,0,"yes"
"HATFIELD",63,"male","urban","premium","never",3,3,0,0,0,"yes"
"COLLINS",32,"male","urban","free","yes",0,1,0,0,0,"yes"
"JIMENEZ",45,"male","urban","free","never",3,3,0,0,0,"no"
"ROWE",53,"male","urban","free","never",5,8,0,0,0,"yes"
"BAXTER",21,"female","urban","free","never",0,0,0,0,0,"no"
"ENGLAND",38,"male","urban","free","yes",0,0,0,0,0,"yes"
"ANDREWS",44,"male","urban","free","yes",0,5,0,0,0,"yes"
"BRADFORD",81,"female","urban","premium","never",5,5,0,0,0,"yes"
"RYAN",45,"female","urban","free","yes",1,1,0,0,121,"no"
"DEAN",52,"male","urban","premium","never",0,0,0,0,0,"yes"
"DELACRUZ",76,"male","urban","free","never",1,1,42,42,42,"yes"
"CONTRERAS",61,"male","urban","free","never",1,1,0,0,0,"no"
"HOLT",27,"male","urban","free","never",0,0,0,0,0,"no"
"FIELDS",55,"male","rural","free","never",0,4,0,0,0,"no"
"STEWART",35,"male","urban","free","yes",6,6,0,0,0,"yes"
"BALL",56,"female","rural","free","never",0,0,0,0,0,"no"
"NORTON",25,"female","urban","free","never",10,10,0,0,0,"yes"
"WALTON",46,"female","urban","premium","never",0,3,0,0,0,"yes"
"BLAKE",56,"male","urban","free","never",0,0,0,0,0,"no"
"SELLERS",41,"male","rural","free","never",9,13,0,0,0,"yes"
"ROACH",22,"male","urban","free","never",0,0,0,0,110,"no"
"SINGLETON",42,"male","urban","free","never",9,9,79,79,79,"yes"
"ORR",90,"male","urban","free","never",2,2,0,0,1,"no"
"ROCHA",62,"female","urban","free","never",5,5,0,0,0,"no"
"RIVERS",41,"male","rural","free","yes",0,0,0,0,0,"no"
"CROSS",62,"female","urban","free","yes",0,13,0,0,25,"yes"
"HAYS",44,"male","rural","free","never",0,0,0,0,0,"no"
"JACKSON",68,"male","urban","free","yes",0,0,0,0,0,"no"
"SUTTON",50,"female","urban","free","never",0,3,0,0,0,"no"
"FOWLER",38,"male","urban","free","yes",0,3,0,0,0,"yes"
"BUCHANAN",22,"female","urban","free","never",8,8,0,0,0,"yes"
"MOSLEY",55,"female","urban","premium","yes",0,0,0,0,0,"yes"
"BAUER",54,"male","urban","free","yes",8,8,0,0,0,"yes"
"ORTEGA",57,"female","urban","free","never",0,0,0,0,0,"no"
"OSBORNE",43,"male","urban","free","always",0,0,0,0,0,"no"
"SILVA",77,"male","urban","free","never",1,1,137,137,137,"yes"
"FIELDS",72,"female","urban","free","never",0,7,0,0,0,"no"
"FLORES",20,"male","urban","free","yes",0,2,0,0,0,"yes"
"WALLS",53,"female","urban","free","never",2,2,0,0,0,"no"
"HINTON",54,"female","rural","free","never",0,5,0,0,0,"no"
"GIBBS",43,"female","urban","premium","yes",0,0,0,0,0,"yes"
"JENSEN",44,"female","urban","free","never",0,0,0,0,0,"no"
"CHAPMAN",45,"male","urban","premium","yes",0,0,0,0,0,"yes"
"VANCE",24,"male","urban","free","yes",0,0,0,0,0,"yes"
"REYES",40,"female","urban","premium","yes",0,9,0,183,411,"yes"
"COHEN",27,"female","urban","free","never",0,0,0,0,0,"no"
"STOUT",40,"female","urban","premium","yes",0,0,0,0,0,"yes"
"COOLEY",45,"female","urban","free","never",0,3,0,66,66,"no"
